Mutation_Effect_Label,UniProt_ID,Mutation,Interactor_UniProt_ID,Template_cath_id,Interactor_template_cath_id,Template_cath_id_pdb,Chain_id,Interactor_template_cath_id_pdb
1,Q9BPZ3,F118A,P11940,1jgnB,1jgnA,1jgn,B,1jgn
1,P01116,Y40C,P50749,3ddcA,3ddcB,3ddc,A,3ddc
1,Q96QK1,F534D,Q9UBQ0,2r17C,2r17A,2r17,C,2r17
1,Q96QK1,F534D,Q9UBQ0-2,2r17C,2r17A,2r17,C,2r17
1,O43521-3,G66A,Q07812,3fdlB,3fdlA,3fdl,B,3fdl
1,O43521-3,G66A,Q07812-2,3fdlB,3fdlA,3fdl,B,3fdl
1,O43521-3,G66A,Q07812-4,2nl9B,2nl9A,2nl9,B,2nl9
1,O43521-3,G66A,Q07812-5,2nl9B,2nl9A,2nl9,B,2nl9
1,O43521-3,G66A,Q07812-6,2nl9B,2nl9A,2nl9,B,2nl9
1,O43521-3,G66A,Q07812-7,3fdlB,3fdlA,3fdl,B,3fdl
1,O43521-3,G66A,Q07812-8,3fdlB,3fdlA,3fdl,B,3fdl
0,Q13418,Q362H,Q9NVD7,3repA,3repB,3rep,A,3rep
1,Q9BV40,L51P,Q9UNK0,1gl2A,1gl2D,1gl2,A,1gl2
0,P11802,R24C,P42772,1bi7A,1bi7B,1bi7,A,1bi7
1,Q9HAU5,M1173E,Q92900,2wjvE,2wjvB,2wjv,E,2wjv
1,Q9HAU5,M1173E,Q92900-2,2wjvE,2wjvB,2wjv,E,2wjv
0,Q969J2,G79R,Q96IT1,3lhrB,3lhrA,3lhr,B,3lhr
1,Q9UH99,S641E,Q8WXH0-3,4dxrA,4dxrB,4dxr,A,4dxr
1,Q9UH99,S641E,Q8WXH0-4,4dxrA,4dxrB,4dxr,A,4dxr
1,Q9UH99,S641E,Q8WXH0-7,4dxrA,4dxrB,4dxr,A,4dxr
1,Q9UH99,S641E,Q8WXH0,4dxrA,4dxrB,4dxr,A,4dxr
1,Q9UH99,S641E,Q8WXH0-2,4dxrA,4dxrB,4dxr,A,4dxr
1,Q9UH99,S641E,Q8WXH0-5,4dxrA,4dxrB,4dxr,A,4dxr
1,Q9UH99,S641E,Q8WXH0-6,4dxrA,4dxrB,4dxr,A,4dxr
1,Q9Y4K3,L74E,P61088,3hctA,3hctB,3hct,A,3hct
1,P62805,R37A,Q71DI3,1kx5B,1kx5A,1kx5,B,1kx5
1,P38919,R206E,O15234,3ex7C,3ex7D,3ex7,C,3ex7
1,Q15013,Q83A,Q13257,2qyfB,2qyfA,2qyf,B,2qyf
1,Q13241,F114A,P13747,1p1zD,1p1zA,1p1z,D,1p1z
1,P01112,E37G,P04049,4g0nA,4g0nB,4g0n,A,4g0n
1,P01112,E37G,P04049-2,4g0nA,4g0nB,4g0n,A,4g0n
1,Q53EL6,D414A,P60842,2zu6B,2zu6C,2zu6,B,2zu6
1,Q99558,K430A,O14920-3,4idtB,4idtA,4idt,B,4idt
0,P42773,T69A,Q00534,1blxB,1blxA,1blx,B,1blx
1,O43521-3,G66A,Q92843,3fdlB,3fdlA,3fdl,B,3fdl
1,O43521-3,G66A,Q92843-2,3fdlB,3fdlA,3fdl,B,3fdl
0,Q13794,F32I,Q07817,3mqpB,3mqpA,3mqp,B,3mqp
1,Q96F10,R126C,P21673,2b4dB,2b4dA,2b4d,B,2b4d
0,P61587,Y60A,O43157,3su8A,3su8X,3su8,A,3su8
0,Q15019,H270D,Q14141-2,2qagA,2qagB,2qag,A,2qag
0,Q15019,H270D,Q14141-3,2qagA,2qagB,2qag,A,2qag
0,Q15019,H270D,Q14141-4,2qagA,2qagB,2qag,A,2qag
1,P04049,R89L,P15056,3ny5D,3ny5C,3ny5,D,3ny5
0,P50616,Y50N,Q9UIV1,2d5rB,2d5rA,2d5r,B,2d5r
0,P50616,Y50N,Q9UIV1-2,2d5rB,2d5rA,2d5r,B,2d5r
1,P25815,F74V,P23297,2y5iB,2y5iA,2y5i,B,2y5i
1,P25815,I11A,P23297,2y5iB,2y5iA,2y5i,B,2y5i
0,P60891,N114S,P11908,4f8eB,4f8eA,4f8e,B,4f8e
0,P60891,N114S,P11908-2,4f8eB,4f8eA,4f8e,B,4f8e
1,Q9HCG8,N174A,P38919,4c9bB,4c9bA,4c9b,B,4c9b
1,Q9BZW8,E70A,P09326,2pttB,2pttA,2ptt,B,2ptt
1,P55957,D95A,Q07817,1zy3B,1zy3A,1zy3,B,1zy3
1,Q16665,V336E,P27540,4h6jA,4h6jB,4h6j,A,4h6j
1,Q16665,V336E,P27540-2,4h6jA,4h6jB,4h6j,A,4h6j
1,Q16665,V336E,P27540-3,4h6jA,4h6jB,4h6j,A,4h6j
0,P46527,Y88A,P07948,1jsuC,1jsuA,1jsu,C,1jsu
0,P46527,Y88A,P07948-2,1jsuC,1jsuA,1jsu,C,1jsu
1,P61587,L90R,O43157-2,3su8A,3su8X,3su8,A,3su8
1,P61587,L90R,O43157,3su8A,3su8X,3su8,A,3su8
1,Q92900,V204D,Q9HAU5,2wjvB,2wjvE,2wjv,B,2wjv
1,Q8N5H7-2,L469R,P56945-4,3t6gA,3t6gB,3t6g,A,3t6g
1,Q8N5H7-2,L469R,P56945-7,3t6gA,3t6gB,3t6g,A,3t6g
1,Q8N5H7-2,L469R,P56945-8,3t6gA,3t6gB,3t6g,A,3t6g
1,Q8N5H7-2,L469R,P56945,3t6gA,3t6gB,3t6g,A,3t6g
1,Q8N5H7-2,L469R,P56945-2,3t6gA,3t6gB,3t6g,A,3t6g
1,Q8N5H7-2,L469R,P56945-3,3t6gA,3t6gB,3t6g,A,3t6g
1,Q8N5H7-2,L469R,P56945-5,3t6gA,3t6gB,3t6g,A,3t6g
1,Q8N5H7-2,L469R,P56945-6,3t6gA,3t6gB,3t6g,A,3t6g
1,P02671,C184W,P02675,3ghgJ,3ghgK,3ghg,J,3ghg
0,P26715,V213A,P13747,1p4lD,1p4lA,1p4l,D,1p4l
1,P38919,H223D,P61326,2j0sA,2j0sC,2j0s,A,2j0s
1,Q13241,Q112A,P17693,1p1zD,1p1zA,1p1z,D,1p1z
1,Q9Y376,F178E,Q9P289,2wtkD,2wtkE,2wtk,D,2wtk
1,Q9Y376,F178E,Q9P289-2,2wtkD,2wtkE,2wtk,D,2wtk
1,Q9Y376,F178E,Q9P289-3,3gniA,3gniB,3gni,A,3gni
1,Q9HAU5,F1171E,Q92900,2wjvE,2wjvB,2wjv,E,2wjv
1,Q9HAU5,F1171E,Q92900-2,2wjvE,2wjvB,2wjv,E,2wjv
1,Q13241,N160A,P17693,1p1zD,1p1zA,1p1z,D,1p1z
0,P07195,R172P,P00338-2,4aj2B,4aj2A,4aj2,B,4aj2
0,P07195,R172P,P00338-3,4aj2B,4aj2A,4aj2,B,4aj2
0,P07195,R172P,P00338-5,4aj2B,4aj2A,4aj2,B,4aj2
1,Q15836,L46P,Q9UNK0,1gl2A,1gl2D,1gl2,A,1gl2
1,O43521-3,G66E,Q07812,3fdlB,3fdlA,3fdl,B,3fdl
1,O43521-3,G66E,Q07812-2,3fdlB,3fdlA,3fdl,B,3fdl
1,O43521-3,G66E,Q07812-4,2nl9B,2nl9A,2nl9,B,2nl9
1,O43521-3,G66E,Q07812-5,2nl9B,2nl9A,2nl9,B,2nl9
1,O43521-3,G66E,Q07812-6,2nl9B,2nl9A,2nl9,B,2nl9
1,O43521-3,G66E,Q07812-7,3fdlB,3fdlA,3fdl,B,3fdl
1,O43521-3,G66E,Q07812-8,3fdlB,3fdlA,3fdl,B,3fdl
1,P15056,L515G,P04049,4h58C,4h58A,4h58,C,4h58
1,P15056,L515G,P04049-2,4h58C,4h58A,4h58,C,4h58
1,O14893,R213D,Q16637,2lehA,2lehB,2leh,A,2leh
1,O14893,R213D,Q16637-2,2lehA,2lehB,2leh,A,2leh
1,O14893,R213D,Q16637-3,2lehA,2lehB,2leh,A,2leh
1,O14893,R213D,Q16637-4,2lehA,2lehB,2leh,A,2leh
0,Q71DI3,M91G,P62805,1kx5A,1kx5B,1kx5,A,1kx5
1,Q96QK1,N725A,Q9UBQ0,2r17C,2r17A,2r17,C,2r17
1,Q96QK1,N725A,Q9UBQ0-2,2r17C,2r17A,2r17,C,2r17
1,Q13133,K273A,Q15788,1p8dA,1p8dC,1p8d,A,1p8d
1,Q13133,K273A,Q15788-2,1p8dA,1p8dC,1p8d,A,1p8d
1,Q13133,K273A,Q15788-3,1p8dA,1p8dC,1p8d,A,1p8d
1,Q8N423,Y61A,P17693,2dypD,2dypA,2dyp,D,2dyp
1,Q9UJM3,M346A,P00533,4i21C,4i21A,4i21,C,4i21
1,Q15788,L694A,Q13133,1p8dC,1p8dA,1p8d,C,1p8d
1,Q15788,L694A,Q13133-2,1p8dC,1p8dA,1p8d,C,1p8d
1,Q15788,L694A,Q13133-3,1p8dC,1p8dA,1p8d,C,1p8d
1,Q13133,E441A,Q15788,1p8dA,1p8dC,1p8d,A,1p8d
1,Q13257,Y199A,Q12834,4aezH,4aezG,4aez,H,4aez
0,P11362,P252R,P08620,3ojvC,3ojvA,3ojv,C,3ojv
1,Q13241,Q112A,P13747,1p1zD,1p1zA,1p1z,D,1p1z
0,O00311,I99T,Q9UBU7,4f9aC,4f9aD,4f9a,C,4f9a
1,O14980,F572A,O95149,3nc0D,3nc0E,3nc0,D,3nc0
1,Q13241,N160A,P13747,1p1zD,1p1zA,1p1z,D,1p1z
1,Q9Y4K3,L74R,P61088,3hctA,3hctB,3hct,A,3hct
1,P51809,L157P,O15400,1gl2A,1gl2B,1gl2,A,1gl2
1,P51809,L157P,O15400-2,1gl2A,1gl2B,1gl2,A,1gl2
1,Q12918,Y201A,Q9UHP7,4iopB,4iopA,4iop,B,4iop
1,Q12918,Y201A,Q9UHP7-2,4iopB,4iopA,4iop,B,4iop
1,Q12918,Y201A,Q9UHP7-6,4iopB,4iopA,4iop,B,4iop
0,Q16611,Y110E,P55957,4bd2A,4bd2C,4bd2,A,4bd2
0,Q16611,Y110E,P55957-2,4bd2A,4bd2C,4bd2,A,4bd2
0,Q13241,T146A,P13747,1p1zD,1p1zA,1p1z,D,1p1z
1,P11802,R24H,P42773,1blxA,1blxB,1blx,A,1blx
1,P61326,D73K,Q9BRP8,1rk8B,1rk8C,1rk8,B,1rk8
1,Q96QK1,Q586A,Q9UBQ0,2r17C,2r17A,2r17,C,2r17
1,Q96QK1,Q586A,Q9UBQ0-2,2r17C,2r17A,2r17,C,2r17
1,Q9UBQ0,W93A,Q96QK1,2r17A,2r17C,2r17,A,2r17
1,Q96QK1,R582D,Q9UBQ0,2r17C,2r17A,2r17,C,2r17
1,Q96QK1,R582D,Q9UBQ0-2,2r17C,2r17A,2r17,C,2r17
1,P01903,G53D,P28068,4md4A,4md4B,4md4,A,4md4
1,P56945,L787E,Q8N5H7-4,3t6gB,3t6gA,3t6g,B,3t6g
1,Q9BV40,L16P,O43752,2npsA,2npsD,2nps,A,2nps
1,Q13257,R133A,Q12834,4aezH,4aezG,4aez,H,4aez
1,Q15836,T18P,O15400,3hd7E,3hd7F,3hd7,E,3hd7
1,Q15836,T18P,O15400-2,1sfcI,1sfcJ,1sfc,I,1sfc
0,P02538,I462S,P13646,3tnuB,3tnuA,3tnu,B,3tnu
0,Q13794,K35E,Q92843,3mqpB,3mqpA,3mqp,B,3mqp
0,Q13794,K35E,Q92843-2,3mqpB,3mqpA,3mqp,B,3mqp
1,Q96QK1,Y729A,Q9UBQ0,2r17C,2r17A,2r17,C,2r17
1,Q96QK1,Y729A,Q9UBQ0-2,2r17C,2r17A,2r17,C,2r17
1,Q15836,V25P,O43752,2npsA,2npsD,2nps,A,2nps
1,Q13241,E164A,P17693,1p1zD,1p1zA,1p1z,D,1p1z
0,P55211,P336S,Q13490,1nw9B,1nw9A,1nw9,B,1nw9
1,P52298,D107R,Q09161,3feyB,3feyA,3fey,B,3fey
1,Q9NQT4,R96Q,Q96B26,2nn6D,2nn6C,2nn6,D,2nn6
1,Q8IYM1,G169E,Q8WYJ6,3sopA,3sopB,3sop,A,3sop
1,P61326,E117R,Q9BRP8,1rk8B,1rk8C,1rk8,B,1rk8
1,P61326,E117R,Q9BRP8-2,1rk8B,1rk8C,1rk8,B,1rk8
0,P46527,Y74A,P07948,1jsuC,1jsuA,1jsu,C,1jsu
0,P46527,Y74A,P07948-2,1jsuC,1jsuA,1jsu,C,1jsu
1,Q13418,M402A,Q9NVD7,3repA,3repB,3rep,A,3rep
1,Q9UBQ0,P92G,Q96QK1,2r17A,2r17C,2r17,A,2r17
1,Q12918,Y198A,Q9UHP7,4iopB,4iopA,4iop,B,4iop
1,Q12918,Y198A,Q9UHP7-2,4iopB,4iopA,4iop,B,4iop
1,Q12918,Y198A,Q9UHP7-3,4iopB,4iopA,4iop,B,4iop
1,Q12918,Y198A,Q9UHP7-6,4iopB,4iopA,4iop,B,4iop
0,P02538,I462S,P19012,3tnuB,3tnuA,3tnu,B,3tnu
1,P04637,F19A,Q09472,2k8fB,2k8fA,2k8f,B,2k8f
0,P60891,D183H,Q14558,4f8eB,4f8eA,4f8e,B,4f8e
0,P60891,D183H,Q14558-2,4f8eB,4f8eA,4f8e,B,4f8e
1,Q14457,L116A,Q16611,2ponA,2ponB,2pon,A,2pon
1,P01112,T35S,Q13671,2ot3B,2ot3A,2ot3,B,2ot3
1,P01112,T35S,Q13671-2,2ot3B,2ot3A,2ot3,B,2ot3
1,P01112,Y40C,Q13671,2ot3B,2ot3A,2ot3,B,2ot3
1,P01112,Y40C,Q13671-2,2ot3B,2ot3A,2ot3,B,2ot3
1,Q96NA2,R255A,P51149,1yhnB,1yhnA,1yhn,B,1yhn
0,Q9Y248,L150S,Q9BRT9,2ehoK,2ehoI,2eho,K,2eho
1,Q10567,V88D,P84077,4hmyB,4hmyC,4hmy,B,4hmy
1,Q96QK1,H675D,Q9UBQ0,2r17C,2r17A,2r17,C,2r17
1,Q96QK1,H675D,Q9UBQ0-2,2r17C,2r17A,2r17,C,2r17
1,Q8IYM1,D197N,Q8WYJ6,3sopA,3sopB,3sop,A,3sop
1,Q9HAU4,C716A,P0CG47,4bbnA,4bbnF,4bbn,A,4bbn
1,Q9HAU4,C716A,P0CG47,4bbnA,4bbnF,4bbn,A,4bbn
1,O95149,N150A,O14980,3nc0E,3nc0D,3nc0,E,3nc0
0,Q13794,F32I,Q92843,3mqpB,3mqpA,3mqp,B,3mqp
0,Q13794,F32I,Q92843-2,3mqpB,3mqpA,3mqp,B,3mqp
1,P63279,H20D,P61956,2uyzA,2uyzB,2uyz,A,2uyz
1,P63279,H20D,P61956-2,2uyzA,2uyzB,2uyz,A,2uyz
1,O95149,L4A,O14980,3nc0E,3nc0D,3nc0,E,3nc0
1,P51809,T129P,Q9UNK0,1gl2A,1gl2D,1gl2,A,1gl2
1,Q92797,K185A,Q9NP77,4h3kD,4h3kE,4h3k,D,4h3k
1,Q92797,K185A,Q9NP77-2,4h3kD,4h3kE,4h3k,D,4h3k
1,P38919,F232R,O15234,3ex7C,3ex7D,3ex7,C,3ex7
0,P13646,R355H,P02538,3tnuA,3tnuB,3tnu,A,3tnu
0,P01903,F49S,P01911,4i5bD,4i5bE,4i5b,D,4i5b
1,A5PKW4,E621K,P62330,1r8sE,1r8sA,1r8s,E,1r8s
0,P07195,R172H,P00338-2,4aj2B,4aj2A,4aj2,B,4aj2
0,P07195,R172H,P00338-3,4aj2B,4aj2A,4aj2,B,4aj2
0,P07195,R172H,P00338-5,4aj2B,4aj2A,4aj2,B,4aj2
0,P61587,N86R,O43157-2,3su8A,3su8X,3su8,A,3su8
0,P61587,N86R,O43157,3su8A,3su8X,3su8,A,3su8
0,P40692,V213M,P54278-2,1h7sB,1h7sA,1h7s,B,1h7s
1,O95149,K144D,O14980,3nc0E,3nc0D,3nc0,E,3nc0
0,P13747,R129A,Q13241,1p1zA,1p1zD,1p1z,A,1p1z
0,P13747,R129A,Q13241-3,1p1zA,1p1zD,1p1z,A,1p1z
1,Q9Y4K3,L74H,P61088,3hctA,3hctB,3hct,A,3hct
1,Q9BV40,L44P,O43752,2npsA,2npsD,2nps,A,2nps
1,P04637,L25A,Q09472,2k8fB,2k8fA,2k8f,B,2k8f
1,Q16665,Y340T,P27540,4h6jA,4h6jB,4h6j,A,4h6j
1,Q16665,Y340T,P27540-2,4h6jA,4h6jB,4h6j,A,4h6j
1,Q16665,Y340T,P27540-3,4h6jA,4h6jB,4h6j,A,4h6j
1,Q16531,W561K,Q13619,2hyeA,2hyeC,2hye,A,2hye
1,Q96QK1,F541D,Q9UBQ0,2r17C,2r17A,2r17,C,2r17
1,Q96QK1,F541D,Q9UBQ0-2,2r17C,2r17A,2r17,C,2r17
0,P13747,T235A,Q13241,1p1zA,1p1zD,1p1z,A,1p1z
0,P13747,T235A,Q13241-2,1p4lA,1p4lD,1p4l,A,1p4l
0,P13747,T235A,Q13241-3,1p1zA,1p1zD,1p1z,A,1p1z
1,Q9BV40,L16P,Q9UNK0,1gl2A,1gl2D,1gl2,A,1gl2
1,Q16665,P564G,Q96KS0,3hqrS,3hqrA,3hqr,S,3hqr
1,Q16665,P564G,Q96KS0-2,3hqrS,3hqrA,3hqr,S,3hqr
0,P11362,P252R,P09038,1iilH,1iilD,1iil,H,1iil
0,P11362,P252R,P09038-1,1cvsD,1cvsB,1cvs,D,1cvs
0,P11362,P252R,P09038-2,1cvsD,1cvsB,1cvs,D,1cvs
0,P11362,P252R,P09038-3,1cvsD,1cvsB,1cvs,D,1cvs
1,O14641,Y27D,O15169,2d5gA,2d5gB,2d5g,A,2d5g
1,O14641,Y27D,O15169-2,2d5gA,2d5gB,2d5g,A,2d5g
1,O15085,R868G,P61586,3qbvD,3qbvC,3qbv,D,3qbv
1,P84243,G91V,P62805,1kx5E,1kx5F,1kx5,E,1kx5
0,O43543,V160I,O75771-4,1pznG,1pznF,1pzn,G,1pzn
0,O43543,V160I,O75771-7,1pznG,1pznF,1pzn,G,1pzn
1,O15111,K44M,P25963,3zu7A,3zu7B,3zu7,A,3zu7
0,P11362,P252R,P31371,3ojvC,3ojvA,3ojv,C,3ojv
0,P12272,I64L,Q03431,3h3gB,3h3gA,3h3g,B,3h3g
1,P04637,L22A,Q09472,2k8fB,2k8fA,2k8f,B,2k8f
1,O15085,R872D,P61586,3qbvD,3qbvC,3qbv,D,3qbv
1,P61326,E68R,Q9BRP8,1rk8B,1rk8C,1rk8,B,1rk8
1,P61326,E68R,Q9BRP8-2,1rk8B,1rk8C,1rk8,B,1rk8
1,Q8NI22,D122V,P49257,3lcpD,3lcpB,3lcp,D,3lcp
1,Q13257,W167A,Q12834,4aezH,4aezG,4aez,H,4aez
0,P01133,L996V,P00533-3,1nqlB,1nqlA,1nql,B,1nql
0,P01133,H980Y,P00533,1nqlB,1nqlA,1nql,B,1nql
0,P01133,H980Y,P00533-2,1nqlB,1nqlA,1nql,B,1nql
0,P01133,H980Y,P00533-3,1nqlB,1nqlA,1nql,B,1nql
0,P01133,H980Y,P00533-3,3ltfD,3ltfC,3ltf,D,3ltf
0,P01133,H980Y,P00533-4,1nqlB,1nqlA,1nql,B,1nql
1,Q92900,E182R,Q9HAU5,2wjvB,2wjvE,2wjv,B,2wjv
0,Q13241,N158A,P13747,1p1zD,1p1zA,1p1z,D,1p1z
1,P10276,P375L,P48443,1xdkB,1xdkA,1xdk,B,1xdk
1,Q8IYM1,D197N,Q14141,2qagA,2qagB,2qag,A,2qag
1,Q8IYM1,D197N,Q14141-2,2qagA,2qagB,2qag,A,2qag
1,Q8IYM1,D197N,Q14141-3,2qagA,2qagB,2qag,A,2qag
1,Q8IYM1,D197N,Q14141-4,2qagA,2qagB,2qag,A,2qag
1,Q92692,F145A,Q495A1,3udwC,3udwA,3udw,C,3udw
1,Q92692,F145A,Q495A1-2,3udwC,3udwA,3udw,C,3udw
1,Q9BV36,R35V,P51159-2,2zetD,2zetB,2zet,D,2zet
1,Q9BV36,R35V,P51159,2zetC,2zetA,2zet,C,2zet
1,Q96QK1,T629D,Q9UBQ0,2r17C,2r17A,2r17,C,2r17
1,Q96QK1,T629D,Q9UBQ0-2,2r17C,2r17A,2r17,C,2r17
0,P02489,R116C,P02511,3n3eB,3n3eA,3n3e,B,3n3e
0,Q9UK55,E404A,P00742,2gd4I,2gd4H,2gd4,I,2gd4
1,Q10567,I85D,P84077,4hmyB,4hmyC,4hmy,B,4hmy
0,P02538,I462S,O76015,3tnuB,3tnuA,3tnu,B,3tnu
0,P13489,Y438A,P03950,3tsrF,3tsrB,3tsr,F,3tsr
1,O43809,Y160A,Q16630-3,3q2sB,3q2sC,3q2s,B,3q2s
1,O43809,Y160A,Q16630,3p5tC,3p5tO,3p5t,C,3p5t
1,O43809,Y160A,Q16630-2,3p5tC,3p5tO,3p5t,C,3p5t
1,Q96I25,R375A,P26368,3v4mB,3v4mA,3v4m,B,3v4m
1,Q96I25,R375A,P26368-2,3v4mB,3v4mA,3v4m,B,3v4m
0,Q96CA5,H164R,P55211,1nw9A,1nw9B,1nw9,A,1nw9
0,Q96CA5,H164R,P55211-2,1nw9A,1nw9B,1nw9,A,1nw9
0,Q96CA5,H164R,P55211-4,1nw9A,1nw9B,1nw9,A,1nw9
1,Q9Y2M5,L148A,Q13618,4hxiA,4hxiB,4hxi,A,4hxi
1,Q16665,P564G,Q9GZT9-2,3hqrS,3hqrA,3hqr,S,3hqr
1,Q16665,P564G,Q9GZT9-3,3hqrS,3hqrA,3hqr,S,3hqr
1,Q16665,P564G,Q9GZT9,3hqrS,3hqrA,3hqr,S,3hqr
1,Q99558,K430A,O15111,4idtB,4idtA,4idt,B,4idt
0,Q8WXD5,S25N,Q9H840,1y96A,1y96B,1y96,A,1y96
0,P52294,T433M,Q9UKX7,3tj3A,3tj3C,3tj3,A,3tj3
1,P84077,L77D,Q10567-2,4hmyC,4hmyB,4hmy,C,4hmy
1,P84077,L77D,Q10567-3,4hmyC,4hmyB,4hmy,C,4hmy
1,P84077,L77D,Q10567-4,4hmyC,4hmyB,4hmy,C,4hmy
1,P84077,L77D,Q10567,4hmyC,4hmyB,4hmy,C,4hmy
1,Q99814,Q322E,P27540,3f1pA,3f1pB,3f1p,A,3f1p
1,Q99814,Q322E,P27540-2,3f1pA,3f1pB,3f1p,A,3f1p
1,Q99814,Q322E,P27540-3,3f1pA,3f1pB,3f1p,A,3f1p
1,Q9BV40,L44P,Q9UNK0,1gl2A,1gl2D,1gl2,A,1gl2
0,P11802,R24H,P55273,1blxA,1blxB,1blx,A,1blx
0,P40692,F80V,P54278,1h7sB,1h7sA,1h7s,B,1h7s
0,P40692,F80V,P54278-3,1h7sB,1h7sA,1h7s,B,1h7s
1,Q14457,G120E,Q07817-3,2ponA,2ponB,2pon,A,2pon
1,Q14457,G120E,Q07817,2ponA,2ponB,2pon,A,2pon
1,O43541,G471S,Q15797,1khuA,1khuB,1khu,A,1khu
1,Q07812,D68R,Q07817,4a1wD,4a1wA,4a1w,D,4a1w
1,P61224,F64A,P47736,3brwD,3brwB,3brw,D,3brw
1,P61224,F64A,P47736-2,3brwD,3brwB,3brw,D,3brw
1,P61224,F64A,P47736-3,3brwD,3brwB,3brw,D,3brw
1,P61224,F64A,P47736-4,3brwD,3brwB,3brw,D,3brw
1,Q8WXH0,Y6878A,Q9UH99,4dxrB,4dxrA,4dxr,B,4dxr
1,Q8WXH0,Y6878A,Q9UH99-2,4dxrB,4dxrA,4dxr,B,4dxr
1,Q8WXH0,Y6878A,Q9UH99-3,4dxrB,4dxrA,4dxr,B,4dxr
1,Q9BV40,V20P,O15400,1gl2A,1gl2B,1gl2,A,1gl2
1,Q9BV40,V20P,O15400-2,1gl2A,1gl2B,1gl2,A,1gl2
1,Q15836,L53P,Q9UNK0,1gl2A,1gl2D,1gl2,A,1gl2
1,Q16531,A400D,Q13619,2hyeA,2hyeC,2hye,A,2hye
1,O15085,D873N,P61586,3qbvD,3qbvC,3qbv,D,3qbv
1,P38919,R179E,O15234,3ex7C,3ex7D,3ex7,C,3ex7
1,P11940,K580A,Q9BPZ3,1jgnA,1jgnB,1jgn,A,1jgn
1,Q15672,L159F,P15923,2ypaA,2ypaB,2ypa,A,2ypa
1,Q15672,L159F,P15923-2,2ypaA,2ypaB,2ypa,A,2ypa
0,Q16611,L163V,Q07817,4a1wD,4a1wA,4a1w,D,4a1w
0,Q16611,L163V,Q07817-3,3zlrA,3zlrB,3zlr,A,3zlr
1,P25815,F74G,P23297,2y5iB,2y5iA,2y5i,B,2y5i
0,P11802,S52N,P42772,1bi7A,1bi7B,1bi7,A,1bi7
0,O00267,I194V,P63272,3h7hB,3h7hA,3h7h,B,3h7h
1,P51809,L157P,Q9UNK0,1gl2A,1gl2D,1gl2,A,1gl2
1,Q13133,I442A,Q15788,1p8dA,1p8dC,1p8d,A,1p8d
1,Q13133,I442A,Q15788-2,1p8dA,1p8dC,1p8d,A,1p8d
1,Q13133,I442A,Q15788-3,1p8dA,1p8dC,1p8d,A,1p8d
1,Q8IXQ5,A153T,Q13618-2,4hxiA,4hxiB,4hxi,A,4hxi
0,P11802,R24C,P55273,1blxA,1blxB,1blx,A,1blx
1,Q99814,Y342T,P27540,3f1pA,3f1pB,3f1p,A,3f1p
1,Q99814,Y342T,P27540-2,3f1pA,3f1pB,3f1p,A,3f1p
1,Q99814,Y342T,P27540-3,3f1pA,3f1pB,3f1p,A,3f1p
1,Q9BV40,L51P,O15400,1gl2A,1gl2B,1gl2,A,1gl2
1,Q9BV40,L51P,O15400-2,1gl2A,1gl2B,1gl2,A,1gl2
1,Q8WXH0,P6883A,Q9UH99,4dxrB,4dxrA,4dxr,B,4dxr
1,Q8WXH0,P6883A,Q9UH99-2,4dxrB,4dxrA,4dxr,B,4dxr
1,Q8WXH0,P6883A,Q9UH99-3,4dxrB,4dxrA,4dxr,B,4dxr
1,P42773,F37I,Q00534,1blxB,1blxA,1blx,B,1blx
1,P84243,E95A,P62805,1kx5E,1kx5F,1kx5,E,1kx5
0,Q495M9,E393D,Q9Y6N9-4,3k1rB,3k1rA,3k1r,B,3k1r
0,Q495M9,E393D,Q9Y6N9-3,3k1rB,3k1rA,3k1r,B,3k1r
0,Q495M9,E393D,Q9Y6N9,3k1rB,3k1rA,3k1r,B,3k1r
0,Q495M9,E393D,Q9Y6N9-5,3k1rB,3k1rA,3k1r,B,3k1r
1,Q9HCG8,N171A,P38919,4c9bB,4c9bA,4c9b,B,4c9b
1,P10276,P375L,P28702,1xdkB,1xdkA,1xdk,B,1xdk
1,P10276,P375L,P28702-3,1xdkB,1xdkA,1xdk,B,1xdk
1,P55957,G94A,Q92843,1zy3B,1zy3A,1zy3,B,1zy3
1,P15056,I666R,Q02750,2y4iB,2y4iC,2y4i,B,2y4i
1,P63279,R17E,P61956,2uyzA,2uyzB,2uyz,A,2uyz
1,P63279,R17E,P61956-2,2uyzA,2uyzB,2uyz,A,2uyz
1,Q07812,M74E,Q92843,2y6wA,2y6wB,2y6w,A,2y6w
1,Q07812,M74E,Q92843-2,2y6wA,2y6wB,2y6w,A,2y6w
0,Q14203,Q93R,P30622,2hl3B,2hl3A,2hl3,B,2hl3
0,Q14203,Q93R,P30622,2hl3B,2hl3A,2hl3,B,2hl3
0,Q14203,Q93R,P30622-1,2hl3B,2hl3A,2hl3,B,2hl3
0,Q14203,Q93R,P30622-1,2hl3B,2hl3A,2hl3,B,2hl3
0,Q14203,Q93R,P30622-2,2hl3B,2hl3A,2hl3,B,2hl3
0,Q14203,Q93R,P30622-2,2hl3B,2hl3A,2hl3,B,2hl3
0,O43617,K32Q,O75865,2j3tA,2j3tB,2j3t,A,2j3t
0,O43617,K32Q,O75865-2,2j3tA,2j3tB,2j3t,A,2j3t
1,P51809,T129P,O43752,2npsA,2npsD,2nps,A,2nps
0,P02538,I462S,Q15323,3tnuB,3tnuA,3tnu,B,3tnu
1,P61326,E72R,Q9BRP8,1rk8B,1rk8C,1rk8,B,1rk8
1,P61326,E72R,Q9BRP8-2,1rk8B,1rk8C,1rk8,B,1rk8
1,Q96AX1,Y438P,Q9H269,4bx9A,4bx9C,4bx9,A,4bx9
1,Q96AX1,Y438P,Q9H269-2,4bx9A,4bx9C,4bx9,A,4bx9
0,O95405,A797P,P84022,1devB,1devA,1dev,B,1dev
0,O95405,A797P,P84022-4,1devB,1devA,1dev,B,1dev
0,O95405,A797P,P84022-2,1devB,1devA,1dev,B,1dev
0,O95405,A797P,P84022-3,1devB,1devA,1dev,B,1dev
1,O14965,G198L,Q9NQS7,4af3A,4af3D,4af3,A,4af3
1,O14965,G198L,Q9NQS7-2,4af3A,4af3D,4af3,A,4af3
1,Q9Y376,M260E,Q9P289-3,3gniA,3gniB,3gni,A,3gni
1,P61326,E72A,Q9BRP8,1rk8B,1rk8C,1rk8,B,1rk8
1,P61326,E72A,Q9BRP8-2,1rk8B,1rk8C,1rk8,B,1rk8
0,P01133,D973Y,P00533,1nqlB,1nqlA,1nql,B,1nql
0,P01133,D973Y,P00533-2,1nqlB,1nqlA,1nql,B,1nql
0,P01133,D973Y,P00533-4,1nqlB,1nqlA,1nql,B,1nql
1,O43521-3,G66E,Q92843,3fdlB,3fdlA,3fdl,B,3fdl
1,O43521-3,G66E,Q92843-2,3fdlB,3fdlA,3fdl,B,3fdl
0,Q00534,D110N,P42773,1blxA,1blxB,1blx,A,1blx
1,Q96AX1,Y438D,Q9H269,4bx9A,4bx9C,4bx9,A,4bx9
1,Q96AX1,Y438D,Q9H269-2,4bx9A,4bx9C,4bx9,A,4bx9
1,P38919,Y205A,O15234,3ex7C,3ex7D,3ex7,C,3ex7
0,P62195,R258W,P43686-2,4ko8A,4ko8B,4ko8,A,4ko8
0,P62195,R258W,P43686,4ko8B,4ko8A,4ko8,B,4ko8
1,Q53EL6,D253A,P60842-2,3eiqC,3eiqA,3eiq,C,3eiq
1,Q96AX1,K429D,Q9H269,4bx9A,4bx9C,4bx9,A,4bx9
1,Q96AX1,K429D,Q9H269-2,4bx9A,4bx9C,4bx9,A,4bx9
1,Q13542,L59A,P06730,3am7B,3am7A,3am7,B,3am7
1,Q13542,L59A,P06730-2,3am7B,3am7A,3am7,B,3am7
1,Q13542,L59A,P06730-2,3am7B,3am7A,3am7,B,3am7
1,Q13542,L59A,P06730-3,3am7B,3am7A,3am7,B,3am7
1,Q9UBQ0,L142D,Q96QK1,2r17A,2r17C,2r17,A,2r17
0,P51587,V1532I,Q06609-2,1n0wB,1n0wA,1n0w,B,1n0w
0,P51587,V1532I,Q06609-3,1n0wB,1n0wA,1n0w,B,1n0w
0,P51587,V1532I,Q06609,1n0wB,1n0wA,1n0w,B,1n0w
0,P51587,V1532I,Q06609-4,1n0wB,1n0wA,1n0w,B,1n0w
0,P46527,Y89A,P07948,1jsuC,1jsuA,1jsu,C,1jsu
0,P46527,Y89A,P07948-2,1jsuC,1jsuA,1jsu,C,1jsu
1,Q15836,L46P,O15400,3hd7E,3hd7F,3hd7,E,3hd7
1,Q15836,L46P,O15400-2,1sfcI,1sfcJ,1sfc,I,1sfc
0,P16220,S142L,Q92793,1kdxB,1kdxA,1kdx,B,1kdx
0,P16220,S142L,Q92793-2,1kdxB,1kdxA,1kdx,B,1kdx
0,P26715,Q212A,P13747,1p4lD,1p4lA,1p4l,D,1p4l
1,P56945,F794R,Q8N5H7,3t6gB,3t6gA,3t6g,B,3t6g
1,P56945,F794R,Q8N5H7-3,3t6gB,3t6gA,3t6g,B,3t6g
1,P56945,F794R,Q8N5H7-5,3t6gB,3t6gA,3t6g,B,3t6g
1,P56945,F794R,Q8N5H7-2,3t6gB,3t6gA,3t6g,B,3t6g
1,P56945,F794R,Q8N5H7-4,3t6gB,3t6gA,3t6g,B,3t6g
1,P56945,F794R,Q8N5H7-6,3t6gB,3t6gA,3t6g,B,3t6g
1,Q14457,F123A,Q16611,2ponA,2ponB,2pon,A,2pon
1,Q9Y2M5,I111A,Q13618,4hxiA,4hxiB,4hxi,A,4hxi
0,P13646,R355H,P35908,3tnuA,3tnuB,3tnu,A,3tnu
1,P61224,Q63E,P47736,3brwD,3brwB,3brw,D,3brw
1,P61224,Q63E,P47736-2,3brwD,3brwB,3brw,D,3brw
1,P61224,Q63E,P47736-3,3brwD,3brwB,3brw,D,3brw
1,P61224,Q63E,P47736-4,3brwD,3brwB,3brw,D,3brw
0,P16220,S142L,Q09472,1kdxB,1kdxA,1kdx,B,1kdx
0,P01116-2,K128A,P04049-2,2v55D,2v55C,2v55,D,2v55
0,P13489,Y435A,P03950,3tsrF,3tsrB,3tsr,F,3tsr
1,Q9Y570,S156A,P67775,3c5wP,3c5wC,3c5w,P,3c5w
1,Q9Y570,S156A,P67775-2,3c5wP,3c5wC,3c5w,P,3c5w
1,Q15013,F191A,Q13257,2qyfB,2qyfA,2qyf,B,2qyf
0,P55211,P336S,P98170,1nw9B,1nw9A,1nw9,B,1nw9
1,P84243,G91V,Q9UER7,4hgaB,4hgaA,4hga,B,4hga
1,P84243,G91V,Q9UER7-3,4hgaB,4hgaA,4hga,B,4hga
1,O14980,F561A,O95149,3nc0D,3nc0E,3nc0,D,3nc0
0,O75771,R165Q,O43543,1pznB,1pznA,1pzn,B,1pzn
0,Q15843,A72R,P62837,4ap4F,4ap4E,4ap4,F,4ap4
1,P55957,D95A,Q92843,1zy3B,1zy3A,1zy3,B,1zy3
1,Q9Y376,R227A,O95747,3gniA,3gniB,3gni,A,3gni
1,Q9Y294,D37A,P54198,2i32B,2i32F,2i32,B,2i32
1,Q9Y294,D37A,P54198-2,2i32B,2i32F,2i32,B,2i32
1,P25815,I75G,P23297,2y5iB,2y5iA,2y5i,B,2y5i
1,Q9Y376,R227A,Q9UEW8,3gniA,3gniB,3gni,A,3gni
1,P01903,G53H,P28068,4md4A,4md4B,4md4,A,4md4
1,P54727,L8A,P55036,1uelA,1uelB,1uel,A,1uel
1,Q8NI22,D89A,P49257,3lcpD,3lcpB,3lcp,D,3lcp
1,P51809,L136P,Q9UNK0,1gl2A,1gl2D,1gl2,A,1gl2
0,Q9Y248,D24G,Q9BRT9,2ehoK,2ehoI,2eho,K,2eho
0,P13747,T235A,P26715,1p4lA,1p4lD,1p4l,A,1p4l
0,P13747,T235A,P26715-2,1p4lA,1p4lD,1p4l,A,1p4l
1,P61081,N113A,Q15843,4ap4E,4ap4F,4ap4,E,4ap4
1,Q15788,L693A,Q13133,1p8dC,1p8dA,1p8d,C,1p8d
0,O15111,S176E,P25963,3zu7A,3zu7B,3zu7,A,3zu7
1,O43521-3,G66A,P10415,1pq1B,1pq1A,1pq1,B,1pq1
1,O43521-3,G66A,P10415-2,3fdlB,3fdlA,3fdl,B,3fdl
0,Q00987,Y489F,O15151,2vjeA,2vjeB,2vje,A,2vje
0,Q00987,Y489F,O15151-4,2vjeA,2vjeB,2vje,A,2vje
0,Q00987,Y489F,O15151-5,2vjeA,2vjeB,2vje,A,2vje
0,P40692,C77R,P54278,1h7sB,1h7sA,1h7s,B,1h7s
0,P40692,C77R,P54278-3,1h7sB,1h7sA,1h7s,B,1h7s
1,P15056,R509H,P04049,4h58C,4h58A,4h58,C,4h58
1,P15056,R509H,P04049-2,4h58C,4h58A,4h58,C,4h58
1,O15085,R867Q,P61586,3qbvD,3qbvC,3qbv,D,3qbv
0,P00533,L858R,Q9NSE2-2,4gl9A,4gl9E,4gl9,A,4gl9
0,O00311,I99L,Q9UBU7,4f9aC,4f9aD,4f9a,C,4f9a
1,Q15836,L53P,O43752,2npsA,2npsD,2nps,A,2nps
1,P38919,T178D,O15234,3ex7C,3ex7D,3ex7,C,3ex7
1,Q96QK1,R637D,Q9UBQ0,2r17C,2r17A,2r17,C,2r17
1,Q96QK1,R637D,Q9UBQ0-2,2r17C,2r17A,2r17,C,2r17
1,P23297,L12H,P25815,2y5iA,2y5iB,2y5i,A,2y5i
1,Q9H334,W534R,O15409,2a07I,2a07H,2a07,I,2a07
1,Q9H334,W534R,O15409-2,2a07I,2a07H,2a07,I,2a07
1,Q9H334,W534R,O15409-4,2a07I,2a07H,2a07,I,2a07
1,Q9H334,W534R,O15409-9,2a07I,2a07H,2a07,I,2a07
1,Q13241,L162A,P17693,1p1zD,1p1zA,1p1z,D,1p1z
1,O15111,K44A,P25963,3zu7A,3zu7B,3zu7,A,3zu7
0,Q12918,E200R,Q9UHP7,4iopB,4iopA,4iop,B,4iop
0,Q12918,E200R,Q9UHP7-2,4iopB,4iopA,4iop,B,4iop
0,Q12918,E200R,Q9UHP7-3,4iopB,4iopA,4iop,B,4iop
0,Q12918,E200R,Q9UHP7-6,4iopB,4iopA,4iop,B,4iop
1,Q13542,Y54A,P06730,3am7B,3am7A,3am7,B,3am7
1,Q13542,Y54A,P06730-2,3am7B,3am7A,3am7,B,3am7
1,Q13542,Y54A,P06730-2,3am7B,3am7A,3am7,B,3am7
1,Q13542,Y54A,P06730-3,3am7B,3am7A,3am7,B,3am7
1,Q9BV36,R35F,P51159-2,2zetD,2zetB,2zet,D,2zet
1,Q9BV36,R35F,P51159,2zetC,2zetA,2zet,C,2zet
1,P25815,F71A,P23297,2y5iB,2y5iA,2y5i,B,2y5i
1,P84077,I49D,Q10567-2,4hmyC,4hmyB,4hmy,C,4hmy
1,P84077,I49D,Q10567-3,4hmyC,4hmyB,4hmy,C,4hmy
1,P84077,I49D,Q10567-4,4hmyC,4hmyB,4hmy,C,4hmy
1,P84077,I49D,Q10567,4hmyC,4hmyB,4hmy,C,4hmy
1,P25815,I12A,P23297,2y5iB,2y5iA,2y5i,B,2y5i
1,Q9Y4K3,I72F,P61088,3hctA,3hctB,3hct,A,3hct
1,P51809,L157P,O43752,2npsA,2npsD,2nps,A,2nps
0,P21912,R177A,P31040,1zoyB,1zoyA,1zoy,B,1zoy
0,Q14203,Q93K,P30622,2hl3B,2hl3A,2hl3,B,2hl3
0,Q14203,Q93K,P30622,2hl3B,2hl3A,2hl3,B,2hl3
0,Q14203,Q93K,P30622-1,2hl3B,2hl3A,2hl3,B,2hl3
0,Q14203,Q93K,P30622-1,2hl3B,2hl3A,2hl3,B,2hl3
0,Q14203,Q93K,P30622-2,2hl3B,2hl3A,2hl3,B,2hl3
0,Q14203,Q93K,P30622-2,2hl3B,2hl3A,2hl3,B,2hl3
0,P01270,H63A,Q03431,3c4mD,3c4mB,3c4m,D,3c4m
1,P13501,E49A,P02776,1ilpB,1ilpA,1ilp,B,1ilp
1,P51809,T129P,O15400,1gl2A,1gl2B,1gl2,A,1gl2
1,P51809,T129P,O15400-2,1gl2A,1gl2B,1gl2,A,1gl2
0,P00492,P38S,Q9NRG1,3ggcA,3ggcB,3ggc,A,3ggc
0,P00492,P38S,Q9NRG1-2,3ggcA,3ggcB,3ggc,A,3ggc
1,P61326,D66R,Q9BRP8,1rk8B,1rk8C,1rk8,B,1rk8
1,P61326,D66R,Q9BRP8-2,1rk8B,1rk8C,1rk8,B,1rk8
1,P02671,C184W,P02679,3ghgA,3ghgC,3ghg,A,3ghg
1,P02671,C184W,P02679-2,3ghgA,3ghgC,3ghg,A,3ghg
1,Q9Y4K3,L74K,P61088,3hctA,3hctB,3hct,A,3hct
1,P61587,V87R,O43157-2,3su8A,3su8X,3su8,A,3su8
1,P61587,V87R,O43157,3su8A,3su8X,3su8,A,3su8
0,Q9Y248,I26T,Q9BRT9,2ehoK,2ehoI,2eho,K,2eho
1,Q9UBQ0,A141D,Q96QK1,2r17A,2r17C,2r17,A,2r17
1,Q9UBQ0,G94P,Q96QK1,2r17A,2r17C,2r17,A,2r17
1,Q9BZW8,K68A,P09326,2pttB,2pttA,2ptt,B,2ptt
0,O00311,K416T,Q9UBU7,4f9aC,4f9aD,4f9a,C,4f9a
1,Q9UJM3,Y358A,P00533,4i21C,4i21A,4i21,C,4i21
1,Q9BV40,L16P,O15400,1gl2A,1gl2B,1gl2,A,1gl2
1,Q9BV40,L16P,O15400-2,1gl2A,1gl2B,1gl2,A,1gl2
1,Q9H269,R725E,Q96AX1,4bx9C,4bx9A,4bx9,C,4bx9
1,Q07812,M74R,Q92843,2y6wA,2y6wB,2y6w,A,2y6w
1,Q07812,M74R,Q92843-2,2y6wA,2y6wB,2y6w,A,2y6w
1,Q9UBQ0,W93D,Q96QK1,2r17A,2r17C,2r17,A,2r17
1,P16144,R1281A,Q15149,3f7pC,3f7pA,3f7p,C,3f7p
1,P16144,R1281A,Q15149-2,3f7pC,3f7pA,3f7p,C,3f7p
1,P16144,R1281A,Q15149-4,3f7pC,3f7pA,3f7p,C,3f7p
1,P16144,R1281A,Q15149-5,3f7pC,3f7pA,3f7p,C,3f7p
1,P16144,R1281A,Q15149-8,3f7pC,3f7pA,3f7p,C,3f7p
1,P16144,R1281A,Q15149-9,3f7pC,3f7pA,3f7p,C,3f7p
1,P11940,K580A,Q9H074,1jh4A,1jh4B,1jh4,A,1jh4
0,P11802,N41S,P42772,1bi7A,1bi7B,1bi7,A,1bi7
1,Q15836,V25P,O15400,3hd7E,3hd7F,3hd7,E,3hd7
1,Q15836,V25P,O15400-2,1sfcI,1sfcJ,1sfc,I,1sfc
1,Q16665,P564G,Q9H6Z9,3hqrS,3hqrA,3hqr,S,3hqr
1,Q8IWE4,D271A,Q13618-2,3tduA,3tduC,3tdu,A,3tdu
1,Q8IWE4,D271A,Q13618-3,3tduA,3tduC,3tdu,A,3tdu
1,Q8IWE4,D271A,Q13618,3tduA,3tduC,3tdu,A,3tdu
1,Q8WXH0,L6876A,Q9UH99,4dxrB,4dxrA,4dxr,B,4dxr
1,Q8WXH0,L6876A,Q9UH99-2,4dxrB,4dxrA,4dxr,B,4dxr
1,Q8WXH0,L6876A,Q9UH99-3,4dxrB,4dxrA,4dxr,B,4dxr
0,P63272,L10V,O00267,3h7hA,3h7hB,3h7h,A,3h7h
0,P63272,L10V,O00267-2,3h7hA,3h7hB,3h7h,A,3h7h
1,O15085,I876M,P61586,3qbvD,3qbvC,3qbv,D,3qbv
1,P63279,V25M,P63165,2uyzA,2uyzB,2uyz,A,2uyz
1,P63279,V25M,P63165-2,2uyzA,2uyzB,2uyz,A,2uyz
0,Q8WXD5,V57L,Q9H840,1y96A,1y96B,1y96,A,1y96
1,Q96AX1,I441K,Q9H269,4bx9A,4bx9C,4bx9,A,4bx9
1,Q96AX1,I441K,Q9H269-2,4bx9A,4bx9C,4bx9,A,4bx9
1,Q13241,F114A,P17693,1p1zD,1p1zA,1p1z,D,1p1z
1,P01903,G53H,P01911,4i5bD,4i5bE,4i5b,D,4i5b
0,P26715,K217A,P13747,1p4lD,1p4lA,1p4l,D,1p4l
1,Q92730,E48A,O43157,3su8A,3su8X,3su8,A,3su8
1,Q92730,E48A,O43157-2,3su8A,3su8X,3su8,A,3su8
1,Q9BV36,R35W,P51159-2,2zetD,2zetB,2zet,D,2zet
1,Q9BV36,R35W,P51159,2zetC,2zetA,2zet,C,2zet
1,Q9Y4K3,I72K,P61088,3hctA,3hctB,3hct,A,3hct
1,Q99814,M338E,P27540,3f1pA,3f1pB,3f1p,A,3f1p
1,Q99814,M338E,P27540-2,3f1pA,3f1pB,3f1p,A,3f1p
1,Q99814,M338E,P27540-3,3f1pA,3f1pB,3f1p,A,3f1p
0,P11362,P252R,P10767,1cvsD,1cvsB,1cvs,D,1cvs
1,Q9UJM3,F352A,P00533,4i21C,4i21A,4i21,C,4i21
1,P62805,R36A,Q71DI3,1kx5B,1kx5A,1kx5,B,1kx5
0,P46734,T222E,Q9Y463,3anqD,3anqC,3anq,D,3anq
0,P46734,T222E,Q9Y463-2,3anqD,3anqC,3anq,D,3anq
0,P46734,T222E,Q9Y463-3,3anqD,3anqC,3anq,D,3anq
0,P01270,K58L,Q03431,3c4mD,3c4mB,3c4m,D,3c4m
0,Q9H840,R68C,Q8WXD5,1y96B,1y96A,1y96,B,1y96
1,Q99728,V695L,P38398,2nteA,2nteB,2nte,A,2nte
1,P54198,L464D,Q9Y294,2i32F,2i32B,2i32,F,2i32
1,Q9Y570,H349A,P67775,3c5wP,3c5wC,3c5w,P,3c5w
1,Q9BV40,L44P,O15400,1gl2A,1gl2B,1gl2,A,1gl2
1,Q9BV40,L44P,O15400-2,1gl2A,1gl2B,1gl2,A,1gl2
0,O00311,Q106R,Q9UBU7,4f9aC,4f9aD,4f9a,C,4f9a
1,Q9HAU5,F1113E,Q92900,2wjvE,2wjvB,2wjv,E,2wjv
1,Q9HAU5,F1113E,Q92900-2,2wjvE,2wjvB,2wjv,E,2wjv
1,Q15836,T18P,Q9UNK0,1gl2A,1gl2D,1gl2,A,1gl2
1,P01100,K176N,P05412,1fosG,1fosH,1fos,G,1fos
1,Q16531,R589E,Q13619,2hyeA,2hyeC,2hye,A,2hye
1,Q71DI3,R64A,P62805,1kx5A,1kx5B,1kx5,A,1kx5
0,Q9UBU7,L306I,O00311,4f9aD,4f9aC,4f9a,D,4f9a
0,Q13241,T146A,P17693,1p1zD,1p1zA,1p1z,D,1p1z
0,P61587,F124Y,O43157-2,3su8A,3su8X,3su8,A,3su8
0,P61587,F124Y,O43157,3su8A,3su8X,3su8,A,3su8
1,Q15836,L53P,O15400,3hd7E,3hd7F,3hd7,E,3hd7
1,Q15836,L53P,O15400-2,1sfcI,1sfcJ,1sfc,I,1sfc
1,Q53EL6,E249A,P60842-2,3eiqC,3eiqA,3eiq,C,3eiq
1,Q9HAU5,L1174E,Q92900,2wjvE,2wjvB,2wjv,E,2wjv
1,Q9HAU5,L1174E,Q92900-2,2wjvE,2wjvB,2wjv,E,2wjv
1,P51809,L136P,O43752,2npsA,2npsD,2nps,A,2nps
1,O14965,G198A,Q9NQS7,4af3A,4af3D,4af3,A,4af3
1,O14965,G198A,Q9NQS7-2,4af3A,4af3D,4af3,A,4af3
1,Q9HCG8,K172A,P38919,4c9bB,4c9bA,4c9b,B,4c9b
1,Q9Y376,V224E,Q9P289,2wtkD,2wtkE,2wtk,D,2wtk
1,Q9Y376,V224E,Q9P289-2,2wtkD,2wtkE,2wtk,D,2wtk
1,Q9Y376,V224E,Q9P289-3,3gniA,3gniB,3gni,A,3gni
1,P01112,Y40C,P04049,4g0nA,4g0nB,4g0n,A,4g0n
1,P01112,Y40C,P04049-2,4g0nA,4g0nB,4g0n,A,4g0n
1,O14980,L525A,O95149,3nc0D,3nc0E,3nc0,D,3nc0
1,Q96B26,D202V,Q9NQT4,2nn6C,2nn6D,2nn6,C,2nn6
1,O14796,R31K,Q9UN19-2,1d1zD,1d1zB,1d1z,D,1d1z
0,P63272,S65N,O00267,3h7hA,3h7hB,3h7h,A,3h7h
0,P63272,S65N,O00267-2,3h7hA,3h7hB,3h7h,A,3h7h
0,Q13241,N148A,P17693,1p1zD,1p1zA,1p1z,D,1p1z
1,Q9H4D5,R409W,Q9UKK6,1jkgB,1jkgA,1jkg,B,1jkg
1,O14980,I521A,O95149,3nc0D,3nc0E,3nc0,D,3nc0
0,P35908,L484P,P13646,3tnuB,3tnuA,3tnu,B,3tnu
1,O43809,Y158A,Q16630-3,3q2sB,3q2sC,3q2s,B,3q2s
1,O43809,Y158A,Q16630,3p5tC,3p5tO,3p5t,C,3p5t
1,O43809,Y158A,Q16630-2,3p5tC,3p5tO,3p5t,C,3p5t
0,P63000,G12V,P52757-5,2ngrA,2ngrB,2ngr,A,2ngr
0,P63000,G12V,P52757-6,2ngrA,2ngrB,2ngr,A,2ngr
0,P63000,G12V,P52757-7,2ngrA,2ngrB,2ngr,A,2ngr
0,P63000,G12V,P52757-9,2ngrA,2ngrB,2ngr,A,2ngr
0,P35908,L484P,P08727,3tnuB,3tnuA,3tnu,B,3tnu
1,Q07812,M74D,Q92843,2y6wA,2y6wB,2y6w,A,2y6w
1,Q07812,M74D,Q92843-2,2y6wA,2y6wB,2y6w,A,2y6w
0,P68431,S88A,Q9UER7,4h9nA,4h9nC,4h9n,A,4h9n
1,P61326,K41D,P38919,2j0sC,2j0sA,2j0s,C,2j0s
0,Q13241,N148A,P13747,1p1zD,1p1zA,1p1z,D,1p1z
0,P12272,I67A,Q03431,3h3gB,3h3gA,3h3g,B,3h3g
1,P40337,C162F,Q15369-2,4ajyV,4ajyC,4ajy,V,4ajy
1,P40337,C162F,Q15369,4ajyV,4ajyC,4ajy,V,4ajy
1,O95149,Y147A,O14980,3nc0E,3nc0D,3nc0,E,3nc0
1,Q9NPD8,R60E,Q9NW38,4ccgA,4ccgX,4ccg,A,4ccg
1,Q9NPD8,R60E,Q9NW38-2,4ccgA,4ccgX,4ccg,A,4ccg
0,P42771,M53I,Q00534,1bi7B,1bi7A,1bi7,B,1bi7
1,Q9Y2M5,C146A,Q13618-2,4hxiA,4hxiB,4hxi,A,4hxi
1,Q9Y2M5,C146A,Q13618-3,4hxiA,4hxiB,4hxi,A,4hxi
1,Q9Y2M5,C146A,Q13618,4hxiA,4hxiB,4hxi,A,4hxi
0,P35908,L484P,P19012,3tnuB,3tnuA,3tnu,B,3tnu
1,Q9UBQ0,R104D,Q96QK1,2r17A,2r17C,2r17,A,2r17
1,Q9Y376,M260A,Q7RTN6,2wtkD,2wtkE,2wtk,D,2wtk
1,Q07820,L213A,Q07812,4bd8A,4bd8B,4bd8,A,4bd8
1,Q07820,L213A,Q07812-2,4bd8A,4bd8B,4bd8,A,4bd8
1,Q07820,L213A,Q07812-7,4bd7A,4bd7B,4bd7,A,4bd7
1,Q07820,L213A,Q07812-8,4bd8A,4bd8B,4bd8,A,4bd8
1,P11802,R24C,P42773,1blxA,1blxB,1blx,A,1blx
1,P61326,E20R,P38919,2j0sC,2j0sA,2j0s,C,2j0s
1,P15056,M517W,P04049,4h58C,4h58A,4h58,C,4h58
1,P15056,M517W,P04049-2,4h58C,4h58A,4h58,C,4h58
1,P56945,D797R,Q8N5H7-4,3t6gB,3t6gA,3t6g,B,3t6g
1,Q9BV40,V20P,O43752,2npsA,2npsD,2nps,A,2nps
1,P16144,R1225H,Q15149,3f7pC,3f7pA,3f7p,C,3f7p
1,P16144,R1225H,Q15149-2,3f7pC,3f7pA,3f7p,C,3f7p
1,P16144,R1225H,Q15149-4,3f7pC,3f7pA,3f7p,C,3f7p
1,P16144,R1225H,Q15149-5,3f7pC,3f7pA,3f7p,C,3f7p
1,P16144,R1225H,Q15149-6,3f7pC,3f7pA,3f7p,C,3f7p
1,P16144,R1225H,Q15149-7,3f7pC,3f7pA,3f7p,C,3f7p
1,P16144,R1225H,Q15149-8,3f7pC,3f7pA,3f7p,C,3f7p
1,P16144,R1225H,Q15149-9,3f7pC,3f7pA,3f7p,C,3f7p
1,P48059,F42A,Q13418,4hi8B,4hi8A,4hi8,B,4hi8
1,P84077,H80D,Q10567-2,4hmyC,4hmyB,4hmy,C,4hmy
1,P84077,H80D,Q10567-3,4hmyC,4hmyB,4hmy,C,4hmy
1,P84077,H80D,Q10567-4,4hmyC,4hmyB,4hmy,C,4hmy
1,P84077,H80D,Q10567,4hmyC,4hmyB,4hmy,C,4hmy
0,P01133,K998R,P00533-3,1nqlB,1nqlA,1nql,B,1nql
0,P01133,K998R,P00533-3,3ltfD,3ltfC,3ltf,D,3ltf
1,Q16665,Q320E,P27540,4h6jA,4h6jB,4h6j,A,4h6j
1,Q16665,Q320E,P27540-2,4h6jA,4h6jB,4h6j,A,4h6j
1,Q16665,Q320E,P27540-3,4h6jA,4h6jB,4h6j,A,4h6j
1,O43521-3,G66A,Q07817-3,3fdlB,3fdlA,3fdl,B,3fdl
1,O43521-3,G66A,Q07817,3fdlB,3fdlA,3fdl,B,3fdl
1,Q9Y3B2,P10L,Q9NQT4,2nn6I,2nn6F,2nn6,I,2nn6
1,P84243,S58A,P62805,1kx5E,1kx5F,1kx5,E,1kx5
1,O95149,L8A,O14980,3nc0E,3nc0D,3nc0,E,3nc0
0,P01903,F49S,P02686,1fv1D,1fv1F,1fv1,D,1fv1
0,P01903,F49S,P02686-3,1fv1D,1fv1F,1fv1,D,1fv1
0,P01903,F49S,P02686-4,1fv1D,1fv1F,1fv1,D,1fv1
0,P01903,F49S,P02686-5,1fv1D,1fv1F,1fv1,D,1fv1
0,P01903,F49S,P02686-6,1fv1D,1fv1F,1fv1,D,1fv1
0,P01270,V62A,Q03431,3c4mD,3c4mB,3c4m,D,3c4m
1,Q92900,V205I,Q9HAU5,2wjvB,2wjvE,2wjv,B,2wjv
1,Q9BV40,L51P,O43752,2npsA,2npsD,2nps,A,2nps
1,Q14457,L116A,Q07817-3,2ponA,2ponB,2pon,A,2pon
1,Q14457,L116A,Q07817,2ponA,2ponB,2pon,A,2pon
1,Q12918,E200A,Q9UHP7,4iopB,4iopA,4iop,B,4iop
1,Q12918,E200A,Q9UHP7-2,4iopB,4iopA,4iop,B,4iop
1,Q12918,E200A,Q9UHP7-3,4iopB,4iopA,4iop,B,4iop
1,Q12918,E200A,Q9UHP7-6,4iopB,4iopA,4iop,B,4iop
1,P84243,C111E,Q9NVP2,4eo5B,4eo5A,4eo5,B,4eo5
1,P01116,E37G,P50749,3ddcA,3ddcB,3ddc,A,3ddc
1,Q96I25,R375D,P26368,3v4mB,3v4mA,3v4m,B,3v4m
1,Q96I25,R375D,P26368-2,3v4mB,3v4mA,3v4m,B,3v4m
1,Q9Y570,S156T,P67775,3c5wP,3c5wC,3c5w,P,3c5w
1,Q9Y570,S156T,P67775-2,3c5wP,3c5wC,3c5w,P,3c5w
1,Q9UH99,H628A,Q8WXH0-3,4dxrA,4dxrB,4dxr,A,4dxr
1,Q9UH99,H628A,Q8WXH0-4,4dxrA,4dxrB,4dxr,A,4dxr
1,Q9UH99,H628A,Q8WXH0-7,4dxrA,4dxrB,4dxr,A,4dxr
1,Q9UH99,H628A,Q8WXH0,4dxrA,4dxrB,4dxr,A,4dxr
1,Q9UH99,H628A,Q8WXH0-2,4dxrA,4dxrB,4dxr,A,4dxr
1,Q9UH99,H628A,Q8WXH0-5,4dxrA,4dxrB,4dxr,A,4dxr
1,Q9UH99,H628A,Q8WXH0-6,4dxrA,4dxrB,4dxr,A,4dxr
1,Q13241,D163A,P17693,1p1zD,1p1zA,1p1z,D,1p1z
1,Q8IWE4,D241A,Q13618,3tduA,3tduC,3tdu,A,3tdu
0,P42771,M53I,P11802,1bi7B,1bi7A,1bi7,B,1bi7
1,Q9BV36,R35K,P51159-2,2zetD,2zetB,2zet,D,2zet
1,Q9BV36,R35K,P51159,2zetC,2zetA,2zet,C,2zet
0,P84022,T330A,O95405,1devA,1devB,1dev,A,1dev
1,Q9UBU9,H457A,Q9UKK6,1jkgB,1jkgA,1jkg,B,1jkg
0,P26715,Q220A,P13747,1p4lD,1p4lA,1p4l,D,1p4l
1,O14788,R223A,Q9Y6Q6,3qbqA,3qbqB,3qbq,A,3qbq
1,O14788,R223A,Q9Y6Q6-2,3qbqA,3qbqB,3qbq,A,3qbq
1,Q9H4D5,R409W,Q9NPJ8-2,1jkgB,1jkgA,1jkg,B,1jkg
1,Q9H4D5,R409W,Q9NPJ8,1jkgB,1jkgA,1jkg,B,1jkg
1,Q9H4D5,R409W,Q9NPJ8-3,1jkgB,1jkgA,1jkg,B,1jkg
0,P01133,K998S,P00533-3,1nqlB,1nqlA,1nql,B,1nql
0,P01133,K998S,P00533-3,3ltfD,3ltfC,3ltf,D,3ltf
1,P84243,G91L,Q9UER7,4hgaB,4hgaA,4hga,B,4hga
1,P84243,G91L,Q9UER7-3,4hgaB,4hgaA,4hga,B,4hga
1,Q9UBQ0,Y139A,Q96QK1,2r17A,2r17C,2r17,A,2r17
1,P54198,I461D,Q9Y294,2i32F,2i32B,2i32,F,2i32
1,P56945,F794E,Q8N5H7,3t6gB,3t6gA,3t6g,B,3t6g
1,P56945,F794E,Q8N5H7-3,3t6gB,3t6gA,3t6g,B,3t6g
1,P56945,F794E,Q8N5H7-5,3t6gB,3t6gA,3t6g,B,3t6g
1,P56945,F794E,Q8N5H7-2,3t6gB,3t6gA,3t6g,B,3t6g
1,P56945,F794E,Q8N5H7-4,3t6gB,3t6gA,3t6g,B,3t6g
1,P56945,F794E,Q8N5H7-6,3t6gB,3t6gA,3t6g,B,3t6g
0,P01133,M991S,P00533-3,1nqlB,1nqlA,1nql,B,1nql
0,Q13241,N158A,P17693,1p1zD,1p1zA,1p1z,D,1p1z
1,Q9Y4K3,I72D,P61088,3hctA,3hctB,3hct,A,3hct
1,Q96MG7,L97A,Q8WV22,3nw0B,3nw0A,3nw0,B,3nw0
1,Q15836,V25P,Q9UNK0,1gl2A,1gl2D,1gl2,A,1gl2
1,Q0P5N6,G66D,O43924,1kshA,1kshB,1ksh,A,1ksh
1,P55957,G94A,Q07817,1zy3B,1zy3A,1zy3,B,1zy3
0,Q7Z3B4,R385K,P37198,3t97B,3t97A,3t97,B,3t97
0,P19429,R145Q,P02585,1j1eF,1j1eD,1j1e,F,1j1e
0,P19429,R145Q,P02585,1j1eF,1j1eD,1j1e,F,1j1e
1,Q13241,L162A,P13747,1p1zD,1p1zA,1p1z,D,1p1z
1,P42771,R24P,P11802,1bi7B,1bi7A,1bi7,B,1bi7
1,Q92900,Y184D,Q9HAU5,2wjvB,2wjvE,2wjv,B,2wjv
1,Q9UBQ0,P92A,Q96QK1,2r17A,2r17C,2r17,A,2r17
1,P51809,L136P,O15400,1gl2A,1gl2B,1gl2,A,1gl2
1,P51809,L136P,O15400-2,1gl2A,1gl2B,1gl2,A,1gl2
1,Q15836,T18P,O43752,2npsA,2npsD,2nps,A,2nps
0,P21860,G284R,P04626,3u7uA,3u7uB,3u7u,A,3u7u
0,P21860,G284R,P04626-4,3u7uA,3u7uB,3u7u,A,3u7u
0,P63279,C93A,Q9UBT2,4ii2C,4ii2A,4ii2,C,4ii2
1,Q99728,L44P,P38398,1jm7B,1jm7A,1jm7,B,1jm7
1,P38919,D154K,O15234,3ex7C,3ex7D,3ex7,C,3ex7
1,Q16531,I587D,Q13619,2hyeA,2hyeC,2hye,A,2hye
1,Q9Y4K3,D57K,P61088,3hctA,3hctB,3hct,A,3hct
1,P84243,G91L,P62805,1kx5E,1kx5F,1kx5,E,1kx5
1,Q9BV40,V20P,Q9UNK0,1gl2A,1gl2D,1gl2,A,1gl2
1,Q8IWE4,A265R,Q13618-2,3tduA,3tduC,3tdu,A,3tdu
1,Q8IWE4,A265R,Q13618-3,3tduA,3tduC,3tdu,A,3tdu
1,Q8IWE4,A265R,Q13618,3tduA,3tduC,3tdu,A,3tdu
1,O43521-3,G66E,Q07817-3,3fdlB,3fdlA,3fdl,B,3fdl
1,O43521-3,G66E,Q07817,3fdlB,3fdlA,3fdl,B,3fdl
1,P23297,F16A,P25815,2y5iA,2y5iB,2y5i,A,2y5i
1,P51587,V1532F,Q06609-2,1n0wB,1n0wA,1n0w,B,1n0w
1,P51587,V1532F,Q06609-3,1n0wB,1n0wA,1n0w,B,1n0w
1,P51587,V1532F,Q06609,1n0wB,1n0wA,1n0w,B,1n0w
1,P51587,V1532F,Q06609-4,1n0wB,1n0wA,1n0w,B,1n0w
1,P30622-2,K252A,Q15691,1txqA,1txqB,1txq,A,1txq
1,O43521-3,G66E,P10415,1pq1B,1pq1A,1pq1,B,1pq1
1,O43521-3,G66E,P10415-2,3fdlB,3fdlA,3fdl,B,3fdl
0,P35908,L484P,O76015,3tnuB,3tnuA,3tnu,B,3tnu
1,P84243,Q94A,Q9UER7,4hgaB,4hgaA,4hga,B,4hga
1,P84243,Q94A,Q9UER7-3,4hgaB,4hgaA,4hga,B,4hga
1,Q96QK1,L589D,Q9UBQ0,2r17C,2r17A,2r17,C,2r17
1,Q96QK1,L589D,Q9UBQ0-2,2r17C,2r17A,2r17,C,2r17
1,P23297,F72L,P25815,2y5iA,2y5iB,2y5i,A,2y5i
1,Q15836,L46P,O43752,2npsA,2npsD,2nps,A,2nps
