TCGA,GENE,UniProt_ID,Mutation,INTERACTOR_GENE,Interactor_UniProt_ID,Prediction,Median_Probability,Disruptive_probability,PROVEAN,CGC_status,MOST_SIGNIFICANT_CODON_TIER
GBM,TP53,P04637,R248W,TP53BP2,Q13625,1,0.91087,0.91087,-7.229,Tier 1,TIER_1
GBM,TP53,P04637,R248W,PPP1R13B,Q96KQ4,1,0.80914,0.80914,-7.229,Tier 1,TIER_1
GBM,TP53,P04637,R248W,TP53,K7PPA8,1,0.82859,0.82859,-7.229,Tier 1,TIER_1
GBM,CYC1,P08574,F233I,UQCRH,P07919,1,0.82708,0.82708,-4.547,None,TIER_3
GBM,MUL1,Q969V5,V303G,UBE2D2,P62837,1,0.93319,0.93319,-5.681,,
GBM,MUL1,Q969V5,V303G,UBE2L6,O14933,1,0.81112,0.81112,-5.681,,
GBM,MUL1,Q969V5,V303G,UBE2I,P63279,1,0.82347,0.82347,-5.681,,
GBM,MUL1,Q969V5,V303G,UBE2W,Q96B02,1,0.84583,0.84583,-5.681,,
GBM,MUL1,Q969V5,V303G,UBE2D3,P61077,1,0.8833,0.8833,-5.681,,
GBM,MUL1,Q969V5,V303G,UBE2E3,Q969T4,1,0.8813,0.8813,-5.681,,
GBM,MUL1,Q969V5,V303G,UBE2U,Q5VVX9,1,0.86924,0.86924,-5.681,,
GBM,MUL1,Q969V5,V303G,UBE2D1,P51668,1,0.92075,0.92075,-5.681,,
GBM,MUL1,Q969V5,V303G,UBE2D4,Q9Y2X8,1,0.91126,0.91126,-5.681,,
GBM,MUL1,Q969V5,V303G,UBE2D3,D6RAH7,1,0.88982,0.88982,-5.681,,
GBM,VAMP8,Q9BV40,F58C,STX6,O43752,1,0.8985,0.8985,-7.233,None,OTHER_MUTATION
GBM,VAMP8,Q9BV40,F58C,STX8,Q9UNK0,1,0.81665,0.81665,-7.233,None,OTHER_MUTATION
GBM,TNIK,Q9UKE5,T59P,,P62158,1,0.83394,0.83394,-4.653,None,OTHER_MUTATION
GBM,PLG,P00747,C607S,SERPINE1,P05121,1,0.80918,0.80918,-8.635,None,OTHER_MUTATION
GBM,CREBBP,Q92793,L608V,MYB,P10242,1,0.81104,0.81104,-2.941,,
GBM,CREBBP,Q92793,L608V,,Q14025,1,0.83609,0.83609,-2.941,,
GBM,CREBBP,Q92793,L608V,MYB,Q708E3,1,0.82339,0.82339,-2.941,,
GBM,CREBBP,Q92793,L608V,MYB,Q708E9,1,0.83471,0.83471,-2.941,,
GBM,LATS2,Q9NRM7,W727C,CHEK1,O14757,1,0.94299,0.94299,-12.779,,
GBM,LATS2,Q9NRM7,W727C,PAK4,O96013,1,0.90958,0.90958,-12.779,,
GBM,PPP1R13B,Q96KQ4,I922S,ERBB2,P04626,1,0.84702,0.84702,-5.873,,
GBM,GRB10,Q13322,G459R,IGF1R,P08069,1,0.82896,0.82896,-7.238,None,OTHER_MUTATION
GBM,GRB10,Q13322,G459R,INSR,P06213,1,0.85996,0.85996,-7.238,None,OTHER_MUTATION
GBM,PSMA5,P28066,G19R,PSMA6,P60900,1,0.85255,0.85255,-7.186,None,OTHER_MUTATION
GBM,PSMA5,P28066,G19R,PSMA1,P25786,1,0.85003,0.85003,-7.188,None,OTHER_MUTATION
GBM,VCP,P55072,Y495C,VCP,Q96IF9,1,0.80419,0.80419,-7.741,,
GBM,TP53,P04637,H179R,TP53BP2,Q13625,1,0.85308,0.85308,-7.658,Tier 1,TIER_2
GBM,TP53,P04637,H179R,TP73,O15350,1,0.83702,0.83702,-7.658,Tier 1,TIER_2
GBM,TP53,P04637,H179R,TP53,H2EHT1,1,0.83933,0.83933,-7.658,Tier 1,TIER_2
GBM,CUL2,Q13617,L725Q,NEDD8,Q15843,1,0.8274,0.8274,-5.691,None,OTHER_MUTATION
GBM,CUL2,Q13617,L725Q,UBB,P0CG47,1,0.81569,0.81569,-5.691,None,OTHER_MUTATION
GBM,CNR1,P21554,Y275S,,A8K1F6,1,0.89036,0.89036,-8.48,,
GBM,FDX2,Q6P4F2,D135A,FDX1,P10109,1,0.86927,0.86927,-7.919,None,OTHER_MUTATION
GBM,HCLS1,P14317,R467W,GRB2,P62993,1,0.87234,0.87234,-6.524,None,OTHER_MUTATION
GBM,MCF2,P10911,M676T,RHOA,P61586,1,0.8926,0.8926,-5.8,,
GBM,MCF2,P10911,M676T,CDC42,P60953,1,0.81082,0.81082,-5.8,,
GBM,H2BC21,Q16778,E94V,H4C1,P62805,1,0.88538,0.88538,-6.738,,
GBM,TUBB4B,P68371,W344G,TUBA1C,Q9BQE3,1,0.85673,0.85673,-9.146,,
GBM,TUBB4B,P68371,W344G,TUBB2A,Q13885,1,0.89514,0.89514,-9.146,,
GBM,CPSF7,Q8N684,T94P,NUDT21,O43809,1,0.91195,0.91195,-5.237,,
GBM,CRYBB1,P53674,I115S,CRYBA2,P53672,1,0.85072,0.85072,-5.096,,
GBM,CRYBB1,P53674,I115S,CRYBA4,P53673,1,0.80323,0.80323,-5.096,,
GBM,CRYBB1,P53674,I115S,CRYBA1,P05813,1,0.80134,0.80134,-5.096,,
GBM,UTRN,P46939,Q391L,DMD,P11532,1,0.83444,0.83444,-5.403,,
GBM,GRB10,Q13322,D558G,FYN,P06241,1,0.82203,0.82203,-6.598,None,OTHER_MUTATION
GBM,GRB10,Q13322,D558G,ABL1,P00519,1,0.82397,0.82397,-6.596,None,OTHER_MUTATION
GBM,TP53,P04637,R248L,TP53BP2,Q13625,1,0.92668,0.92668,-6.343,Tier 1,TIER_1
GBM,TP53,P04637,R248L,PPP1R13B,Q96KQ4,1,0.85251,0.85251,-6.343,Tier 1,TIER_1
GBM,TP53,P04637,R248L,BTK,Q06187,1,0.82836,0.82836,-6.343,Tier 1,TIER_1
GBM,TP53,P04637,R248L,TP53,K7PPA8,1,0.84205,0.84205,-6.343,Tier 1,TIER_1
GBM,TP53,P04637,R249M,TP53BP2,Q13625,1,0.80636,0.80636,-5.548,Tier 1,TIER_2
GBM,TP53,P04637,R249M,PPP1R13B,Q96KQ4,1,0.90157,0.90157,-5.548,Tier 1,TIER_2
GBM,TP53,P04637,R249M,LYN,P07948,1,0.8705,0.8705,-5.548,Tier 1,TIER_2
GBM,PIK3CB,P42338,L1049R,LCK,P06239,1,0.86228,0.86228,-5.571,Tier 1,OTHER_MUTATION
GBM,PIK3CB,P42338,L1049R,PIK3R3,Q92569,1,0.85229,0.85229,-5.571,Tier 1,OTHER_MUTATION
GBM,CRYBB2,P43320,R160C,CRYGC,P07315,1,0.84321,0.84321,-7.543,None,OTHER_MUTATION
GBM,LSM10,Q969L4,G76V,SNRPD2,P62316,1,0.82405,0.82405,-6.977,,
GBM,TRIM54,Q9BYV2,K133N,TRIM63,Q969Q1,1,0.84258,0.84258,-4.029,None,OTHER_MUTATION
GBM,UGT1A3,P35503,S376F,UGT1A10,Q9HAW8,1,0.80606,0.80606,-4.917,,
GBM,UGT1A3,P35503,S376F,UGT1A9,O60656,1,0.85413,0.85413,-4.917,,
GBM,TFRC,P02786,W740L,,A8K6Q8,1,0.96676,0.96676,-11.493,,
GBM,MSX1,P28360,R173C,PAX3,P23760,1,0.83701,0.83701,-7.603,None,OTHER_MUTATION
GBM,PRKAG2,Q9UGJ0,I479S,PRKAB2,O43741,1,0.8201,0.8201,-5.662,,
GBM,MOS,P00540,G253R,HRAS,P01112,1,0.81266,0.81266,-6.511,None,OTHER_MUTATION
GBM,BIRC2,Q13490,H588N,XIAP,P98170,1,0.91258,0.91258,-6.71,None,OTHER_MUTATION
GBM,BIRC2,Q13490,H588N,BIRC7,Q96CA5,1,0.87116,0.87116,-6.71,None,OTHER_MUTATION
GBM,PTPN6,P29350,D144Y,BTK,Q06187,1,0.84316,0.84316,-8.16,,
GBM,PTPN6,P29350,D144Y,SYK,P43405,1,0.86345,0.86345,-8.16,,
GBM,PTPN6,P29350,D144Y,TYK2,P29597,1,0.92197,0.92197,-8.16,,
GBM,PTPN6,P29350,D144Y,ZAP70,P43403,1,0.82944,0.82944,-8.16,,
GBM,CBX5,P45973,R115W,CBX3,Q13185,1,0.83963,0.83963,-7.141,None,OTHER_MUTATION
GBM,MYO16,Q9Y6X6,D73G,PPP1CC,P36873,1,0.80198,0.80198,-6.005,None,OTHER_MUTATION
GBM,SOCS4,Q8WXH5,R383W,ELOC,Q15369,1,0.86372,0.86372,-7.207,None,OTHER_MUTATION
GBM,PRKAG2,Q9UGJ0,I524K,PRKAG1,P54619,1,0.82246,0.82246,-5.617,None,OTHER_MUTATION
GBM,PRKAG2,Q9UGJ0,I524K,PRKAG1,F8VYY9,1,0.80973,0.80973,-5.617,None,OTHER_MUTATION
GBM,PRKAG2,Q9UGJ0,I524K,,F8W9D1,1,0.80973,0.80973,-5.617,None,OTHER_MUTATION
GBM,EPHA2,P29317,K162M,EFNA2,O43921,1,0.86177,0.86177,-5.167,,
GBM,H4C1,P62805,H76Q,H2BC11,P06899,1,0.8512,0.8512,-7.494,,
GBM,H4C1,P62805,H76Q,H2BC21,Q16778,1,0.858,0.858,-7.494,,
GBM,PLAT,P00750,Y266C,F10,P00742,1,0.87284,0.87284,-6.115,,
GBM,PLAT,P00750,Y266C,PLG,P00747,1,0.90239,0.90239,-6.115,,
GBM,PLAT,P00750,Y266C,F2,P00734,1,0.80892,0.80892,-6.115,,
GBM,PLK1,P53350,G196V,PAK1,Q13153,1,0.8634,0.8634,-8.475,,
GBM,ERBB2,P04626,R940W,ERBB3,P21860,1,0.91554,0.91554,-7.242,,
GBM,ERBB2,P04626,R940W,ERRFI1,Q9UJM3,1,0.81698,0.81698,-7.242,,
GBM,CDK3,Q00526,R217C,CKS1B,P61024,1,0.89859,0.89859,-7.149,None,OTHER_MUTATION
GBM,CDK3,Q00526,R217C,STK4,Q13043,1,0.94756,0.94756,-7.149,None,OTHER_MUTATION
GBM,CDK3,Q00526,R217C,STK3,Q13188,1,0.83578,0.83578,-7.149,None,OTHER_MUTATION
GBM,C3,P01024,R1060I,C5,P01031,1,0.84942,0.84942,-5.814,,
GBM,SNRPB2,P08579,R25I,SNRPA1,P09661,1,0.84957,0.84957,-5.158,None,OTHER_MUTATION
GBM,ID1,P41134,K91T,MYOD1,P15172,1,0.86583,0.86583,-5.267,None,OTHER_MUTATION
GBM,ID1,P41134,K91T,MYOG,P15173,1,0.81269,0.81269,-5.267,None,OTHER_MUTATION
GBM,ID1,P41134,K91T,TCF3,P15923,1,0.86417,0.86417,-5.267,None,OTHER_MUTATION
GBM,ID1,P41134,K91T,TCF3,Q2TB39,1,0.858,0.858,-5.267,None,OTHER_MUTATION
GBM,RBM39,Q14498,F295C,MAGOH,P61326,1,0.91668,0.91668,-7.947,,
GBM,TP53,P04637,S241Y,TP53BP2,Q13625,1,0.96694,0.96694,-5.624,Tier 1,TIER_2
GBM,TP53,P04637,S241Y,GRB2,P62993,1,0.81687,0.81687,-5.624,Tier 1,TIER_2
GBM,TP53,P04637,S241Y,TP63,Q9H3D4,1,0.89426,0.89426,-5.624,Tier 1,TIER_2
GBM,TP53,P04637,S241Y,PPP1R13B,Q96KQ4,1,0.89986,0.89986,-5.624,Tier 1,TIER_2
GBM,TP53,P04637,S241Y,LYN,P07948,1,0.89636,0.89636,-5.624,Tier 1,TIER_2
GBM,TP53,P04637,S241Y,BTK,Q06187,1,0.83019,0.83019,-5.624,Tier 1,TIER_2
GBM,TP53,P04637,S241Y,TP53,H2EHT1,1,0.90118,0.90118,-5.624,Tier 1,TIER_2
GBM,TP53,P04637,S241Y,TP53,K7PPA8,1,0.92817,0.92817,-5.624,Tier 1,TIER_2
GBM,DDX17,Q92841,S219P,MAGOH,P61326,1,0.84937,0.84937,-4.689,,
GBM,CRYGC,P07315,F30V,CRYBB2,P43320,1,0.84932,0.84932,-4.475,None,OTHER_MUTATION
GBM,CRYGC,P07315,F30V,CRYBB2,R4UMM2,1,0.81227,0.81227,-4.475,None,OTHER_MUTATION
GBM,HES1,Q14469,T84K,HEY2,Q9UBP5,1,0.83086,0.83086,-5.486,None,OTHER_MUTATION
GBM,CAMK1,Q14012,M95R,CDKN1B,P46527,1,0.82062,0.82062,-5.282,None,OTHER_MUTATION
GBM,TRIM26,Q12899,L20H,UBE2D3,P61077,1,0.83963,0.83963,-5.456,,
GBM,PAK2,Q13177,D386V,PAK1,Q13153,1,0.81093,0.81093,-8.136,,
GBM,PPARD,Q03181,V279G,PPARA,Q07869,1,0.91279,0.91279,-6.431,None,OTHER_MUTATION
GBM,PPARD,Q03181,V279G,NR1C2,F1D8S7,1,0.94022,0.94022,-6.431,None,OTHER_MUTATION
GBM,DNM1,Q05193,I672S,DNM2,P50570,1,0.90544,0.90544,-4.831,,
GBM,GLS2,Q9UI32,H565D,CASK,O14936,1,0.8,0.8,-6.089,,
GBM,MAPK6,Q16659,T113I,PLK1,P53350,1,0.80682,0.80682,-4.619,,
GBM,PRKACA,P17612,F111S,CCND1,P24385,1,0.80121,0.80121,-6.939,,
GBM,H3-4,Q16695,R53C,H2AC4,P04908,1,0.92592,0.92592,-7.783,,
GBM,H3-4,Q16695,R53C,H2AW,Q7L7L0,1,0.83727,0.83727,-7.783,,
GBM,H3-4,Q16695,R53C,H2AX,P16104,1,0.85351,0.85351,-7.783,,
GBM,RB1,P06400,R661W,RBL1,P28749,1,0.80227,0.80227,-6.88,Tier 1,TIER_3
GBM,PRPF31,Q8WWY3,R304H,SNU13,P55769,1,0.9347,0.9347,-4.965,None,OTHER_MUTATION
GBM,SH3KBP1,Q96B97,G46D,ABI2,Q9NYB9,1,0.88825,0.88825,-4.593,None,OTHER_MUTATION
GBM,ITK,Q08881,I431N,FGFR1,P11362,1,0.8621,0.8621,-6.082,Tier 1,OTHER_MUTATION
GBM,KCNA4,P22459,N217Y,KCNAB2,Q13303,1,0.88232,0.88232,-6.958,,
GBM,ERBB2,P04626,K747N,ERBB4,Q15303,1,0.86183,0.86183,-4.582,,
GBM,CPSF6,Q16630,K113N,NUDT21,O43809,1,0.80204,0.80204,-4.709,None,OTHER_MUTATION
GBM,TP53,P04637,R273C,TP53BP2,Q13625,1,0.95051,0.95051,-7.411,Tier 1,TIER_1
GBM,TP53,P04637,R273C,PPP1R13B,Q96KQ4,1,0.86417,0.86417,-7.411,Tier 1,TIER_1
GBM,TP53,P04637,R273C,PPP1R13L,Q8WUF5,1,0.88287,0.88287,-7.411,Tier 1,TIER_1
GBM,UBE2M,P61081,P121T,CBL,P22681,1,0.96656,0.96656,-7.943,None,OTHER_MUTATION
GBM,UBE2M,P61081,P121T,TRAF6,Q9Y4K3,1,0.98418,0.98418,-7.943,None,OTHER_MUTATION
GBM,CCR1,P32246,I223T,CCR3,P51677,1,0.80492,0.80492,-4.586,,
GBM,ENC1,O14682,C67Y,NACC1,Q96RE7,1,0.8607,0.8607,-5.802,None,OTHER_MUTATION
GBM,PPP2R5D,Q14738,W369C,PPP2CA,P67775,1,0.84671,0.84671,-12.536,,
GBM,LIMK1,P53667,Y404H,ROCK1,Q13464,1,0.80675,0.80675,-4.622,,
GBM,CHD4,Q14839,L641F,CBX5,P45973,1,0.82091,0.82091,-3.964,Tier 1,OTHER_MUTATION
GBM,AFDN,P55196,Y1036C,PICK1,Q9NRD5,1,0.9584,0.9584,-8.61,Tier 1,OTHER_MUTATION
GBM,ARNT2,Q9HBZ2,Y430N,ARNT,P27540,1,0.8883,0.8883,-7.495,None,OTHER_MUTATION
GBM,HBQ1,P09105,K128T,HBD,A0N071,1,0.85459,0.85459,-5.414,,
GBM,E2F2,Q14209,R168C,TFDP2,Q14188,1,0.93765,0.93765,-7.692,None,OTHER_MUTATION
GBM,RPA4,Q13156,N152I,RPA3,P35244,1,0.80804,0.80804,-8.434,None,OTHER_MUTATION
GBM,RPA4,Q13156,N152I,RPA3,A4D105,1,0.87504,0.87504,-8.434,None,OTHER_MUTATION
GBM,TP53,P04637,R249T,TP53BP2,Q13625,1,0.80527,0.80527,-5.542,Tier 1,TIER_2
GBM,TP53,P04637,R249T,PPP1R13B,Q96KQ4,1,0.90632,0.90632,-5.542,Tier 1,TIER_2
GBM,TP53,P04637,R249T,LYN,P07948,1,0.864,0.864,-5.542,Tier 1,TIER_2
GBM,TRA2A,Q13595,R160G,MAGOH,P61326,1,0.92867,0.92867,-6.867,None,OTHER_MUTATION
GBM,TRA2A,Q13595,R160G,ELAVL1,Q15717,1,0.94972,0.94972,-6.867,None,OTHER_MUTATION
GBM,TP53,P04637,C275Y,TP63,Q9H3D4,1,0.89297,0.89297,-10.26,Tier 1,TIER_2
GBM,NCL,P19338,T587A,NCBP1,Q09161,1,0.8349,0.8349,-4.072,None,OTHER_MUTATION
GBM,,Q9Y2S0,V65G,POLR1A,O95602,1,0.84129,0.84129,-7.0,NOT_FOUND,NOT_FOUND
GBM,NMNAT1,Q9HAN9,F163L,NMNAT1,B1AN62,1,0.83688,0.83688,-5.63,,
GBM,WEE1,P30291,E390V,PLK1,P53350,1,0.82486,0.82486,-5.949,None,OTHER_MUTATION
GBM,ATL1,Q8WXF7,R239C,,Q53F53,1,0.82437,0.82437,-6.632,None,OTHER_MUTATION
GBM,BATF,Q16520,R69C,JUNB,P17275,1,0.8114,0.8114,-7.248,None,OTHER_MUTATION
GBM,BATF,Q16520,R69C,JUN,P05412,1,0.84918,0.84918,-7.248,None,OTHER_MUTATION
GBM,TP53,P04637,R273H,TP53BP2,Q13625,1,0.91266,0.91266,-4.621,Tier 1,TIER_1
GBM,TP53,P04637,R273H,PPP1R13B,Q96KQ4,1,0.89863,0.89863,-4.621,Tier 1,TIER_1
GBM,SIRT5,Q9NXA8,P68L,SIRT3,Q9NTG7,1,0.88768,0.88768,-9.483,None,OTHER_MUTATION
GBM,NME2,P22392,R114S,NME1,P15531,1,0.89087,0.89087,-4.976,None,OTHER_MUTATION
GBM,NPHP1,O15259,D162Y,BCAR1,P56945,1,0.91507,0.91507,-6.88,None,OTHER_MUTATION
GBM,NPHP1,O15259,D162Y,,B2RBL9,1,0.93668,0.93668,-6.88,None,OTHER_MUTATION
GBM,EPHA4,P54764,R106M,EFNA1,P20827,1,0.88161,0.88161,-5.23,None,OTHER_MUTATION
GBM,EPHA4,P54764,R106M,EFNA4,P52798,1,0.81794,0.81794,-5.23,None,OTHER_MUTATION
GBM,EPHA4,P54764,R106M,EFNA5,D6RDV5,1,0.83266,0.83266,-5.23,None,OTHER_MUTATION
GBM,EPHA4,P54764,R106M,EFNA2,O43921,1,0.92764,0.92764,-5.23,None,OTHER_MUTATION
GBM,PRKCD,Q05655,F452L,ABL1,P00519,1,0.80934,0.80934,-5.023,None,OTHER_MUTATION
GBM,PRKCD,Q05655,F452L,MAPK7,Q13164,1,0.85307,0.85307,-5.023,None,OTHER_MUTATION
GBM,PDGFRA,P16234,D842Y,JAK1,P23458,1,0.94917,0.94917,-8.175,Tier 1,TIER_1
GBM,FGB,P02675,G238D,FGG,P02679,1,0.86209,0.86209,-6.062,None,OTHER_MUTATION
GBM,FER,P16591,R804C,,P62158,1,0.82678,0.82678,-6.617,None,OTHER_MUTATION
GBM,GRIA1,P42261,F505L,GRIA2,P42262,1,0.88045,0.88045,-5.283,None,OTHER_MUTATION
GBM,GRIA1,P42261,F505L,GRIK2,Q13002,1,0.88399,0.88399,-5.285,None,OTHER_MUTATION
GBM,GRIA1,P42261,F505L,GRIA4,P48058,1,0.84201,0.84201,-5.2835,None,OTHER_MUTATION
GBM,BAG2,O95816,R173I,BAG2,B4DXE2,1,0.88531,0.88531,-7.221,None,OTHER_MUTATION
GBM,PSMB7,Q99436,T113N,PSMA3,P25788,1,0.86655,0.86655,-4.808,None,OTHER_MUTATION
GBM,TOP3A,Q13472,R255W,RMI1,Q9H9A7,1,0.82825,0.82825,-7.452,None,OTHER_MUTATION
GBM,CHFR,Q96EP1,R335C,UBE2D1,P51668,1,0.89627,0.89627,-7.342,None,OTHER_MUTATION
GBM,CHFR,Q96EP1,R335C,UBE2D2,P62837,1,0.95993,0.95993,-7.342,None,OTHER_MUTATION
GBM,CHFR,Q96EP1,R335C,UBE2D3,P61077,1,0.88762,0.88762,-7.342,None,OTHER_MUTATION
GBM,CHFR,Q96EP1,R335C,UBE2E1,P51965,1,0.81804,0.81804,-7.342,None,OTHER_MUTATION
GBM,CHFR,Q96EP1,R335C,UBE2E2,Q96LR5,1,0.8773,0.8773,-7.342,None,OTHER_MUTATION
GBM,CHFR,Q96EP1,R335C,UBE2D4,Q9Y2X8,1,0.80895,0.80895,-7.342,None,OTHER_MUTATION
GBM,CHFR,Q96EP1,R335C,UBE2W,Q96B02,1,0.81292,0.81292,-7.342,None,OTHER_MUTATION
GBM,RPS6KA5,O75582,S253Y,MAPK14,Q16539,1,0.81845,0.81845,-5.396,None,OTHER_MUTATION
GBM,RPS6KA5,O75582,S253Y,MAPK11,Q15759,1,0.81393,0.81393,-5.396,None,OTHER_MUTATION
GBM,CNOT1,A5YKK6,P2087S,CNOT3,O75175,1,0.92643,0.92643,-6.527,None,OTHER_MUTATION
GBM,NEDD4L,Q96PU5,R945C,UBE2D2,P62837,1,0.91918,0.91918,-7.794,None,OTHER_MUTATION
GBM,NEDD4L,Q96PU5,R945C,UBE2D3,P61077,1,0.84677,0.84677,-7.794,None,OTHER_MUTATION
GBM,NEDD4L,Q96PU5,R945C,UBE2D1,P51668,1,0.80952,0.80952,-7.794,None,OTHER_MUTATION
GBM,KLK9,Q9UKQ9,S204Y,APP,P05067,1,0.80215,0.80215,-5.409,None,OTHER_MUTATION
GBM,GRIA3,P42263,G604E,GRIA2,P42262,1,0.89296,0.89296,-7.534,None,OTHER_MUTATION
GBM,IRAK2,O43187,G193R,IRAK3,Q9Y616,1,0.82647,0.82647,-5.263,None,OTHER_MUTATION
GBM,TP53,P04637,M246R,TP53BP2,Q13625,1,0.83974,0.83974,-5.558,Tier 1,TIER_3
GBM,TP53,P04637,M246R,GRB2,P62993,1,0.81338,0.81338,-5.558,Tier 1,TIER_3
GBM,RFFL,Q8WZ73,E346G,UBE2D3,P61077,1,0.87933,0.87933,-6.836,None,OTHER_MUTATION
GBM,TP53,P04637,H178Q,TP53BP2,Q13625,1,0.82267,0.82267,-7.66,Tier 1,TIER_3
GBM,STK3,Q13188,P226A,STK4,Q13043,1,0.88429,0.88429,-7.53,None,OTHER_MUTATION
GBM,STK3,Q13188,P226A,ZDHHC17,Q8IUH5,1,0.86926,0.86926,-7.53,None,OTHER_MUTATION
GBM,STK3,Q13188,P226A,LATS2,Q9NRM7,1,0.86851,0.86851,-7.53,None,OTHER_MUTATION
GBM,TP53,P04637,C242Y,GRB2,P62993,1,0.87845,0.87845,-10.249,Tier 1,TIER_2
GBM,TP53,P04637,C242Y,TP63,Q9H3D4,1,0.88662,0.88662,-10.249,Tier 1,TIER_2
GBM,TP53,P04637,C242Y,PPP1R13B,Q96KQ4,1,0.90842,0.90842,-10.249,Tier 1,TIER_2
GBM,TP53,P04637,C242Y,LYN,P07948,1,0.8736,0.8736,-10.249,Tier 1,TIER_2
GBM,TP53,P04637,C242Y,BTK,Q06187,1,0.88456,0.88456,-10.249,Tier 1,TIER_2
GBM,TP53,P04637,C242Y,TP53,H2EHT1,1,0.82712,0.82712,-10.249,Tier 1,TIER_2
GBM,TP53,P04637,C242Y,TP53,K7PPA8,1,0.83055,0.83055,-10.249,Tier 1,TIER_2
GBM,STXBP2,Q15833,G270R,STX1A,Q16623,1,0.80915,0.80915,-5.17,None,OTHER_MUTATION
GBM,FOXM1,Q08050,R256C,FOXO3,O43524,1,0.90996,0.90996,-6.933,None,OTHER_MUTATION
GBM,ASF1B,Q9NVP2,R123C,TAF1,P21675,1,0.84134,0.84134,-6.483,None,OTHER_MUTATION
GBM,TNNC1,P63316,R102C,TNNT2,P45379,1,0.88098,0.88098,-6.776,None,OTHER_MUTATION
GBM,ITSN2,Q9NZM3,S275L,TRIO,O75962,1,0.8127,0.8127,-5.627,None,OTHER_MUTATION
GBM,TNNI3,P19429,R145W,TNNC1,Q6FH91,1,0.81958,0.81958,-7.501,None,OTHER_MUTATION
GBM,TRIM68,Q6AZZ1,C57Y,UBE2D3,P61077,1,0.88717,0.88717,-10.436,None,OTHER_MUTATION
GBM,ASF1B,Q9NVP2,I43S,H3-4,Q16695,1,0.80589,0.80589,-5.744,None,OTHER_MUTATION
GBM,ASF1B,Q9NVP2,I43S,H3C1,P68431,1,0.80066,0.80066,-5.744,None,OTHER_MUTATION
GBM,BMI1,P35226,C34W,PCGF2,P35227,1,0.83764,0.83764,-8.907,None,OTHER_MUTATION
GBM,BMI1,P35226,C34W,RING1,Q06587,1,0.92425,0.92425,-8.907,None,OTHER_MUTATION
GBM,BMI1,P35226,C34W,RNF2,Q99496,1,0.88902,0.88902,-8.907,None,OTHER_MUTATION
GBM,PLAT,P00750,D507A,SERPINA5,P05154,1,0.88088,0.88088,-7.007,None,OTHER_MUTATION
GBM,F2R,P25116,Y206N,CHRM3,P20309,1,0.81625,0.81625,-8.514,None,OTHER_MUTATION
GBM,PARD6B,Q9BYG5,P248L,PARD3B,Q8TEW8,1,0.80018,0.80018,-9.889,None,OTHER_MUTATION
GBM,TP53,P04637,S241P,TP53BP2,Q13625,1,0.88975,0.88975,-4.69,Tier 1,TIER_2
GBM,TP53,P04637,S241P,GRB2,P62993,1,0.84562,0.84562,-4.69,Tier 1,TIER_2
GBM,TP53,P04637,S241P,TP63,Q9H3D4,1,0.85814,0.85814,-4.69,Tier 1,TIER_2
GBM,TP53,P04637,S241P,PPP1R13B,Q96KQ4,1,0.8539,0.8539,-4.69,Tier 1,TIER_2
GBM,TP53,P04637,S241P,PPP1R13L,Q8WUF5,1,0.84935,0.84935,-4.69,Tier 1,TIER_2
GBM,TP53,P04637,S241P,LYN,P07948,1,0.89136,0.89136,-4.69,Tier 1,TIER_2
GBM,TP53,P04637,S241P,BTK,Q06187,1,0.82685,0.82685,-4.69,Tier 1,TIER_2
GBM,TP53,P04637,S241P,TP53,H2EHT1,1,0.84655,0.84655,-4.69,Tier 1,TIER_2
GBM,TP53,P04637,S241P,TP53,K7PPA8,1,0.92711,0.92711,-4.69,Tier 1,TIER_2
GBM,TYK2,P29597,R860C,FYN,P06241,1,0.84677,0.84677,-7.218,None,OTHER_MUTATION
GBM,TYK2,P29597,R860C,LYN,P07948,1,0.8437,0.8437,-7.218,None,OTHER_MUTATION
GBM,TP63,Q9H3D4,P174Q,TP53,P04637,1,0.90035,0.90035,-6.558,Tier 1,OTHER_MUTATION
GBM,SLIT3,O75094,R115C,ROBO2,Q9HCK4,1,0.81586,0.81586,-5.742,None,OTHER_MUTATION
GBM,TOB1,P50616,W93C,CNOT7,Q9UIV1,1,0.93863,0.93863,-12.13,None,OTHER_MUTATION
GBM,E2F2,Q14209,R168H,TFDP2,Q14188,1,0.93929,0.93929,-4.808,None,OTHER_MUTATION
GBM,TP53,P04637,H179Y,TP63,Q9H3D4,1,0.81615,0.81615,-5.743,Tier 1,TIER_2
GBM,TP53,P04637,H179Y,TP73,O15350,1,0.85901,0.85901,-5.743,Tier 1,TIER_2
GBM,MAPK7,Q13164,R259C,MAP2K5,Q13163,1,0.81489,0.81489,-5.9,None,OTHER_MUTATION
GBM,TXK,P42681,F513I,FYN,P06241,1,0.80242,0.80242,-4.923,,
GBM,TGFBR2,P37173,W287C,PAK1,Q13153,1,0.80206,0.80206,-12.491,Tier 1,TIER_3
GBM,TGFBR2,P37173,W287C,ACVRL1,P37023,1,0.84525,0.84525,-12.491,Tier 1,TIER_3
GBM,NPAS2,Q99743,H300R,ARNTL,O00327,1,0.84858,0.84858,-7.699,,
GBM,NPAS2,Q99743,H300R,ARNT2,Q9HBZ2,1,0.87183,0.87183,-7.699,,
GBM,BAZ1B,Q9UIG0,C1428R,BAZ1A,Q9NRL2,1,0.85075,0.85075,-8.674,,
GBM,ITPR1,Q14643,R65C,ITPR3,Q14573,1,0.94087,0.94087,-7.272,None,OTHER_MUTATION
GBM,HOXD9,P28356,R336S,BARX1,Q9HBU1,1,0.80484,0.80484,-5.666,None,OTHER_MUTATION
GBM,HOXD9,P28356,R336S,HOXC9,P31274,1,0.88466,0.88466,-5.666,None,OTHER_MUTATION
GBM,MAP3K7,O43318,P198S,MAPK9,P45984,1,0.80265,0.80265,-7.754,None,OTHER_MUTATION
GBM,ITGAX,P20702,R426C,ITGB2,P05107,1,0.93208,0.93208,-7.636,None,OTHER_MUTATION
GBM,ITGAX,P20702,R426C,,B4E0R1,1,0.8785,0.8785,-7.636,None,OTHER_MUTATION
GBM,COP1,Q8NHY2,C159F,UBE2D1,P51668,1,0.93773,0.93773,-9.397,None,OTHER_MUTATION
GBM,COP1,Q8NHY2,C159F,UBE2D2,P62837,1,0.90569,0.90569,-9.397,None,OTHER_MUTATION
GBM,NCL,P19338,R554W,NCBP1,Q09161,1,0.91088,0.91088,-6.458,,
GBM,RAD23B,P54727,Y48C,PSMD4,P55036,1,0.94974,0.94974,-8.366,,
GBM,RAD23B,P54727,Y48C,PSMD4,Q5VWC4,1,0.95564,0.95564,-8.366,,
GBM,KIR2DL4,Q99706,C195R,HLA-G,P17693,1,0.92919,0.92919,-10.838,,
GBM,CDK13,Q14004,G714S,MAPK14,Q16539,1,0.80589,0.80589,-5.641,None,OTHER_MUTATION
GBM,SRF,P11831,G211S,FLI1,Q01543,1,0.87126,0.87126,-5.357,,
GBM,PSMA7,O14818,D66H,PSMB5,P28074,1,0.89241,0.89241,-6.11,,
GBM,PSMA7,O14818,D66H,PSMB7,Q99436,1,0.85967,0.85967,-6.11,,
GBM,PSMA7,O14818,D66H,PSMB8,P28062,1,0.93402,0.93402,-6.11,,
GBM,PSMA7,O14818,D66H,PSMB9,P28065,1,0.84019,0.84019,-6.11,,
GBM,AURKC,Q9UQB9,P124L,INCENP,Q9NQS7,1,0.90328,0.90328,-9.825,None,OTHER_MUTATION
GBM,NUDT14,O95848,Y142N,NUDT14,B3KXY7,1,0.89458,0.89458,-8.227,None,OTHER_MUTATION
